ENSG00000015479::ENSG00000281398	MATR3::SNHG4	34.8299	0.119403	4	18;48;	PASS:RT	5:139314674-139315133;5:139274102-139274160;
ENSG00000050130::ENSG00000211814	JKAMP::TRAV35	1197.63	34.8889	157	8;0;	PASS:GF	14:59484516-59484592;14:22222185-22222839;
ENSG00000071082::ENSG00000213442	RPL31::RPL18AP3	0	0.000134064	5	74590;0;	PASS:GF	2:101002298-101002314;12:104265674-104265911;
ENSG00000087086::ENSG00000196890	FTL::H2BU1	27.9329	0.000146591	5	68216;0;	PASS:GF	19:48966689-48966878;1:228458103-228458218;
ENSG00000099917::ENSG00000188846	MED15::RPL14	30.7127	0.00862813	5	0;1158;	PASS:GF	22:20507606-20507745;3:40462050-40462279;
ENSG00000099977::ENSG00000218537	DDT::MIF-AS1	33.8079	0.0175131	5	569;1;	PASS:RT	22:23974306-23974443;22:23895872-23896109;
ENSG00000099995::ENSG00000227117	SF3A1::HORMAD2-AS1	38.0444	1.33333	10	9;5;	PASS:GF	22:30346311-30346518;22:30008751-30009195;
ENSG00000100445::ENSG00000113108	SDR39U1::APBB3	45.5647	0.322581	5	30;0;	PASS:GF	14:24441180-24441334;5:140564441-140564564;
ENSG00000101447::ENSG00000156482	FAM83D::RPL30	21.6691	4.36376e-05	5	0;229159;	PASS:GF	20:38952952-38953048;8:98044994-98045087;
ENSG00000110700::ENSG00000276168	RPS13::RN7SL1	25.7133	8.72151e-05	5	114658;0;	PASS:GF	11:17074388-17074465;14:49586579-49586755;
ENSG00000116030::ENSG00000231903	SUMO1::	0	0.0330579	4	241;0;	PASS:RT	2:202210734-202210805;2:202178675-202178847;
ENSG00000118418::ENSG00000286042	HMGN3::LCAL1	49.2345	0.00557686	8	2855;13;	PASS:RT	6:79201361-79201725;6:79312367-79312479;
ENSG00000118640::ENSG00000168899	VAMP8::VAMP5	148.027	0.0145423	17	2133;204;	PASS:RT	2:85577580-85577648;2:85591724-85591861;
ENSG00000125691::ENSG00000275489	RPL23::C17orf98	27.2469	0.000144367	5	69264;3;	PASS:RT	17:38852603-38852731;17:38835089-38835345;
ENSG00000128218::ENSG00000250479	VPREB3::CHCHD10	43.5374	0.204082	5	0;48;	PASS:GF	22:23752746-23753197;22:23767833-23767941;
ENSG00000134001::ENSG00000223875	EIF2S1::NBEAP3	30.5861	0.3125	5	31;0;	PASS:GF	14:67360354-67360455;22:15859106-15859175;
ENSG00000134440::ENSG00000278703	NARS1::	6.548	0.0952381	8	167;0;	PASS:GF	18:57618264-57618310;18:57588625-57588853;
ENSG00000134825::ENSG00000139239	TMEM258::RPL14P1	0	0.000259794	5	38491;0;	PASS:GF	11:61789872-61789920;12:62965916-62966037;
ENSG00000136810::ENSG00000169564	TXN::PCBP1	42.201	0.000716418	6	16749;0;	PASS:GF	9:110244020-110244218;2:70088259-70088406;
ENSG00000136942::ENSG00000227097	RPL35::RPS28P7	0	8.66852e-05	5	115359;0;	PASS:GF	9:124860209-124860263;11:82689748-82689940;
ENSG00000137161::ENSG00000231113	CNPY3::	106.557	0.382353	13	64;3;	PASS:GF	6:42929512-42929720;6:42943797-42943916;
ENSG00000137970::ENSG00000140264	RPL7P9::SERF2	24.8491	0.000218279	5	0;45812;	PASS:GF	1:96678791-96678970;15:43800613-43800755;
ENSG00000137970::ENSG00000156482	RPL7P9::RPL30	0	4.36376e-05	5	0;229159;	PASS:GF	1:96678806-96679192;8:98044992-98045087;
ENSG00000139239::ENSG00000140319	RPL14P1::SRP14	81.9679	0.00768386	14	0;3643;	PASS:GF	12:62965302-62965754;15:40036040-40036406;
ENSG00000140319::ENSG00000229119	SRP14::	0	0.00274424	5	3643;0;	PASS:GF	15:40036434-40036499;5:166382518-166382685;
ENSG00000143977::ENSG00000236552	SNRPG::RPL13AP5	0	0.00061778	5	16186;0;	PASS:GF	2:70288123-70288191;10:96750740-96750952;
ENSG00000147119::ENSG00000230844	CHST7::ZNF674-AS1	63.7906	1.4	7	2;7;	PASS:GF	X:46597759-46598188;X:46545516-46545626;
ENSG00000154589::ENSG00000253115	LY96::	61.8132	0.00531385	8	3010;0;	PASS:RT	8:73991382-73991553;8:74106666-74106858;
ENSG00000158987::ENSG00000279370	RAPGEF6::	0	0.122449	12	195;0;	PASS:GF	5:131603270-131603326;5:131261320-131261850;
ENSG00000160862::ENSG00000176402	AZGP1::GJC3	32.3695	0.021645	5	461;0;	PASS:RT	7:99971745-99972005;7:99923268-99923602;
ENSG00000160862::ENSG00000211592::ENSG00000211597::ENSG00000239855	AZGP1::IGKC::IGKJ1::IGKV1-6	-0	0.00409207	4	461;3435;13;0;	PASS:RT	7:99966729-99966892;2:88857363-88857682;2:88861885-88861922;2:88966260-88966556;
ENSG00000160862::ENSG00000211592::ENSG00000211597::ENSG00000242371::ENSG00000253497	AZGP1::IGKC::IGKJ1::IGKV1-39::IGKV1-13	-0	0.00350304	3	461;3435;13;372;0;	PASS:RT	7:99966737-99966891;2:88857597-88857682;2:88861885-88861935;2:89319731-89319919;2:89046005-89046095;
ENSG00000161016::ENSG00000244313	RPL8::	5.39938	0.000200755	5	49811;0;	PASS:GF	8:144792022-144792139;11:46428593-46428777;
ENSG00000163157::ENSG00000163159	TMOD4::VPS72	52.2449	0.144578	6	0;82;	PASS:GF	1:151169986-151170102;1:151178000-151178144;
ENSG00000164104::ENSG00000248774	HMGB2::	20.7472	0.00806452	3	743;0;	PASS:RT	4:173332047-173332237;4:173326644-173326719;
ENSG00000164405::ENSG00000164406	UQCRQ::LEAP2	26.041	0.000456673	4	17513;4;	PASS:RT	5:132866639-132866686;5:132873951-132874088;
ENSG00000165948::ENSG00000165949	IFI27L1::IFI27	48.086	0.0266413	14	682;368;	PASS:RT	14:94081337-94081448;14:94114850-94114879;
ENSG00000167747::ENSG00000261341	C19orf48::	231.8	0.0934579	30	633;8;	PASS:RT	19:50802216-50802256;19:50785727-50785822;
ENSG00000171960::ENSG00000234917	PPIH::	0	0.0252708	7	553;0;	PASS:RT	1:42658435-42658511;1:42678725-42678800;
ENSG00000175061::ENSG00000276168	SNHG29::RN7SL1	19.2513	0.000781922	5	12788;0;	PASS:GF	17:16441722-16442017;14:49586580-49586785;
ENSG00000187621::ENSG00000258927	TCL6::	510.325	28	56	1;2;	PASS:GF	14:95652096-95652225;14:95620936-95621032;
ENSG00000197744::ENSG00000283498	PTMAP2::MIR1244-2	0	16	8	0;0;	PASS:GF	5:118973767-118974100;5:118974494-118974819;
ENSG00000197794::ENSG00000211592::ENSG00000211597::ENSG00000239855	IGKV7-3::IGKC::IGKJ1::IGKV1-6	-0	0.0266744	23	0;3435;13;0;	PASS:RT	2:88915093-88915226;2:88857165-88857682;2:88861885-88861933;2:88966409-88966556;
ENSG00000197794::ENSG00000211592::ENSG00000211597::ENSG00000239855::ENSG00000241755	IGKV7-3::IGKC::IGKJ1::IGKV1-6::IGKV1-9	-0	0.00579878	4	0;3435;13;0;0;	PASS:RT	2:88915102-88915226;2:88857171-88857682;2:88861885-88861934;2:88966409-88966556;2:89010402-89010482;
ENSG00000197794::ENSG00000211592::ENSG00000211597::ENSG00000239855::ENSG00000253497	IGKV7-3::IGKC::IGKJ1::IGKV1-6::IGKV1-13	-0	0.00724848	5	0;3435;13;0;0;	PASS:RT	2:88915093-88915226;2:88857178-88857682;2:88861885-88861933;2:88966409-88966556;2:89046411-89046477;
ENSG00000197794::ENSG00000211592::ENSG00000211597::ENSG00000240864	IGKV7-3::IGKC::IGKJ1::IGKV1-16	-0	0.0081183	7	0;3435;13;0;	PASS:RT	2:88915093-88915226;2:88857165-88857682;2:88861885-88861933;2:89100007-89100153;
ENSG00000197794::ENSG00000211592::ENSG00000211597::ENSG00000242076::ENSG00000242371	IGKV7-3::IGKC::IGKJ1::IGKV1-33::IGKV1-39	-0	0.00654279	5	0;3435;13;0;372;	PASS:RT	2:88915102-88915226;2:88857169-88857682;2:88861885-88861933;2:89268148-89268295;2:89320044-89320123;
ENSG00000197794::ENSG00000211592::ENSG00000211597::ENSG00000242371	IGKV7-3::IGKC::IGKJ1::IGKV1-39	-0	0.123528	118	0;3435;13;372;	PASS:RT	2:88915093-88915226;2:88857165-88857682;2:88861885-88861933;2:89319772-89319919;
ENSG00000197794::ENSG00000211592::ENSG00000211597::ENSG00000253497	IGKV7-3::IGKC::IGKJ1::IGKV1-13	-0	0.00347927	3	0;3435;13;0;	PASS:RT	2:88915133-88915226;2:88857168-88857682;2:88861885-88861948;2:89046137-89046290;
ENSG00000197794::ENSG00000211592::ENSG00000239855	IGKV7-3::IGKC::IGKV1-6	-0	0.00611176	7	0;3435;0;	PASS:RT	2:88915073-88915226;2:88857165-88857682;2:88966409-88966556;
ENSG00000197794::ENSG00000211592::ENSG00000241755	IGKV7-3::IGKC::IGKV1-9	-0	0.00261932	3	0;3435;0;	PASS:RT	2:88915218-88915226;2:88857168-88857682;2:89010129-89010276;
ENSG00000197794::ENSG00000211592::ENSG00000242371	IGKV7-3::IGKC::IGKV1-39	-0	0.0157563	20	0;3435;372;	PASS:RT	2:88915073-88915226;2:88857165-88857682;2:89319772-89319919;
ENSG00000204387::ENSG00000204388	SNHG32::HSPA1B	26.3489	0.00819672	4	975;0;	PASS:RT	6:31835410-31835450;6:31829597-31829752;
ENSG00000204556::ENSG00000287569	::	54.0926	4	8	3;0;	PASS:GF	20:26019451-26019562;20:26009807-26009888;
ENSG00000206195::ENSG00000223875	DUXAP8::NBEAP3	0	1.55556	28	35;0;	PASS:GF	22:15784961-15785056;22:15852989-15853351;
ENSG00000211592::ENSG00000211593	IGKC::IGKJ5	-0	0.0157159	27	3435;0;	PASS:RT	2:88857165-88857682;2:88860567-88860747;
ENSG00000211592::ENSG00000211593::ENSG00000242371::ENSG00000253497	IGKC::IGKJ5::IGKV1-39::IGKV1-13	-0	0.00315126	3	3435;0;372;0;	PASS:RT	2:88857176-88857682;2:88860567-88860623;2:89320044-89320123;2:89046012-89046284;
ENSG00000211592::ENSG00000211594	IGKC::IGKJ4	-0	0.0243973	42	3435;7;	PASS:RT	2:88857165-88857682;2:88860885-88860961;
ENSG00000211592::ENSG00000211594::ENSG00000239855	IGKC::IGKJ4::IGKV1-6	-0	0.189951	218	3435;7;0;	PASS:RT	2:88857165-88857682;2:88860885-88860926;2:88966263-88966556;
ENSG00000211592::ENSG00000211594::ENSG00000239855::ENSG00000240671	IGKC::IGKJ4::IGKV1-6::IGKV1-8	-0	0.00348533	3	3435;7;0;0;	PASS:RT	2:88857223-88857682;2:88860885-88860941;2:88966285-88966556;2:88992695-88992705;
ENSG00000211592::ENSG00000211594::ENSG00000239855::ENSG00000241755	IGKC::IGKJ4::IGKV1-6::IGKV1-9	-0	0.0174267	15	3435;7;0;0;	PASS:RT	2:88857167-88857682;2:88860885-88860916;2:88966255-88966556;2:89010402-89010479;
ENSG00000211592::ENSG00000211594::ENSG00000239855::ENSG00000253497	IGKC::IGKJ4::IGKV1-6::IGKV1-13	-0	0.00580889	5	3435;7;0;0;	PASS:RT	2:88857167-88857682;2:88860885-88860916;2:88966255-88966556;2:89046411-89046488;
ENSG00000211592::ENSG00000211594::ENSG00000239862::ENSG00000242371	IGKC::IGKJ4::IGKV1-37::IGKV1-39	-0	0.00733945	7	3435;7;0;372;	PASS:RT	2:88857167-88857682;2:88860885-88860935;2:89297269-89297558;2:89320044-89320124;
ENSG00000211592::ENSG00000211594::ENSG00000240671::ENSG00000241755	IGKC::IGKJ4::IGKV1-8::IGKV1-9	-0	0.00464711	4	3435;7;0;0;	PASS:RT	2:88857176-88857682;2:88860885-88860941;2:88992424-88992703;2:89010402-89010481;
ENSG00000211592::ENSG00000211594::ENSG00000240864::ENSG00000242371	IGKC::IGKJ4::IGKV1-16::IGKV1-39	-0	0.0188729	18	3435;7;0;372;	PASS:RT	2:88857167-88857682;2:88860885-88860941;2:89099874-89100153;2:89320044-89320123;
ENSG00000211592::ENSG00000211594::ENSG00000240864::ENSG00000243290	IGKC::IGKJ4::IGKV1-16::IGKV1-12	-0	0.00348533	3	3435;7;0;0;	PASS:RT	2:88857167-88857682;2:88860888-88860935;2:89100279-89100359;2:89040231-89040518;
ENSG00000211592::ENSG00000211594::ENSG00000240864::ENSG00000253497	IGKC::IGKJ4::IGKV1-16::IGKV1-13	-0	0.00464711	4	3435;7;0;0;	PASS:RT	2:88857194-88857682;2:88860885-88860941;2:89100279-89100351;2:89046005-89046284;
ENSG00000211592::ENSG00000211594::ENSG00000241755	IGKC::IGKJ4::IGKV1-9	-0	0.00348533	4	3435;7;0;	PASS:RT	2:88857168-88857682;2:88860885-88860935;2:89009989-89010276;
ENSG00000211592::ENSG00000211594::ENSG00000242371	IGKC::IGKJ4::IGKV1-39	-0	0.072346	92	3435;7;372;	PASS:RT	2:88857165-88857682;2:88860885-88860916;2:89319618-89319919;
ENSG00000211592::ENSG00000211594::ENSG00000242371::ENSG00000243238::ENSG00000243290	IGKC::IGKJ4::IGKV1-39::IGKV2-30::IGKV1-12	-0	0.0209699	16	3435;7;372;0;0;	PASS:RT	2:88857165-88857305;2:88860885-88860935;2:89319800-89319919;2:89244951-89244955;2:89040231-89040393;
ENSG00000211592::ENSG00000211594::ENSG00000242371::ENSG00000243290	IGKC::IGKJ4::IGKV1-39::IGKV1-12	-0	0.00419397	4	3435;7;372;0;	PASS:RT	2:88857169-88857682;2:88860885-88860935;2:89320044-89320123;2:89040231-89040518;
ENSG00000211592::ENSG00000211594::ENSG00000242371::ENSG00000244575	IGKC::IGKJ4::IGKV1-39::IGKV1-27	-0	0.00629096	6	3435;7;372;0;	PASS:RT	2:88857165-88857682;2:88860885-88860941;2:89320044-89320124;2:89213438-89213717;
ENSG00000211592::ENSG00000211594::ENSG00000242371::ENSG00000253497	IGKC::IGKJ4::IGKV1-39::IGKV1-13	-0	0.197117	188	3435;7;372;0;	PASS:RT	2:88857165-88857682;2:88860885-88860941;2:89319731-89319919;2:89046005-89046095;
ENSG00000211592::ENSG00000211594::ENSG00000242371::ENSG00000253578	IGKC::IGKJ4::IGKV1-39::IGKV1-22	-0	0.00524246	5	3435;7;372;0;	PASS:RT	2:88857165-88857682;2:88860885-88860935;2:89319755-89319919;2:89170752-89170878;
ENSG00000211592::ENSG00000211594::ENSG00000243290	IGKC::IGKJ4::IGKV1-12	-0	0.002614	3	3435;7;0;	PASS:RT	2:88857175-88857682;2:88860885-88860916;2:89040217-89040518;
ENSG00000211592::ENSG00000211594::ENSG00000243466	IGKC::IGKJ4::IGKV1-5	-0	0.011324	13	3435;7;1;	PASS:RT	2:88857165-88857682;2:88860885-88860941;2:88947316-88947417;
ENSG00000211592::ENSG00000211594::ENSG00000253497	IGKC::IGKJ4::IGKV1-13	-0	0.002614	3	3435;7;0;	PASS:RT	2:88857182-88857682;2:88860885-88860989;2:89046108-89046290;
ENSG00000211592::ENSG00000211594::ENSG00000253497::ENSG00000253578	IGKC::IGKJ4::IGKV1-13::IGKV1-22	-0	0.00929422	8	3435;7;0;0;	PASS:RT	2:88857165-88857682;2:88860885-88860941;2:89046006-89046284;2:89171157-89171237;
ENSG00000211592::ENSG00000211595	IGKC::IGKJ3	-0	0.0168801	29	3435;0;	PASS:RT	2:88857165-88857682;2:88861220-88861404;
ENSG00000211592::ENSG00000211597	IGKC::IGKJ1	-0	0.403015	695	3435;13;	PASS:GF	2:88857165-88857682;2:88861885-88862082;
ENSG00000211592::ENSG00000211597::ENSG00000211611	IGKC::IGKJ1::IGKV6-21	-0	0.437518	503	3435;13;0;	PASS:GF	2:88857165-88857682;2:88861885-88861933;2:89159761-89159825;
ENSG00000211592::ENSG00000211597::ENSG00000211611::ENSG00000242371	IGKC::IGKJ1::IGKV6-21::IGKV1-39	-0	0.289976	277	3435;13;0;372;	PASS:GF	2:88857165-88857682;2:88861885-88861933;2:89159761-89159846;2:89319726-89319919;
ENSG00000211592::ENSG00000211597::ENSG00000211611::ENSG00000242371::ENSG00000244575	IGKC::IGKJ1::IGKV6-21::IGKV1-39::IGKV1-27	-0	0.023554	18	3435;13;0;372;0;	PASS:RT	2:88857165-88857682;2:88861885-88861933;2:89159761-89159826;2:89320044-89320123;2:89213656-89213717;
ENSG00000211592::ENSG00000211597::ENSG00000211611::ENSG00000253578	IGKC::IGKJ1::IGKV6-21::IGKV1-22	-0	0.509133	439	3435;13;0;0;	PASS:GF	2:88857165-88857682;2:88861885-88861933;2:89159761-89159840;2:89171205-89171237;
ENSG00000211592::ENSG00000211597::ENSG00000239855	IGKC::IGKJ1::IGKV1-6	-0	56.0328	64419	3435;13;0;	PASS:GF	2:88857165-88857682;2:88861885-88861922;2:88966260-88966556;
ENSG00000211592::ENSG00000211597::ENSG00000239855::ENSG00000239951::ENSG00000242371	IGKC::IGKJ1::IGKV1-6::IGKV3-20::IGKV1-39	-0	0.00523423	4	3435;13;0;0;372;	PASS:RT	2:88857165-88857682;2:88861885-88861922;2:88966260-88966556;2:89143059-89143071;2:89320057-89320126;
ENSG00000211592::ENSG00000211597::ENSG00000239855::ENSG00000240671	IGKC::IGKJ1::IGKV1-6::IGKV1-8	-0	0.322412	278	3435;13;0;0;	PASS:GF	2:88857165-88857682;2:88861885-88861922;2:88966260-88966556;2:88992829-88992888;
ENSG00000211592::ENSG00000211597::ENSG00000239855::ENSG00000240671::ENSG00000253578	IGKC::IGKJ1::IGKV1-6::IGKV1-8::IGKV1-22	-0	0.0768339	53	3435;13;0;0;0;	PASS:RT	2:88857165-88857682;2:88861885-88861922;2:88966260-88966556;2:88992829-88992850;2:89171179-89171237;
ENSG00000211592::ENSG00000211597::ENSG00000239855::ENSG00000241351	IGKC::IGKJ1::IGKV1-6::IGKV3-11	-0	0.00695854	6	3435;13;0;0;	PASS:RT	2:88857165-88857682;2:88861885-88861922;2:88966260-88966556;2:89027635-89027656;
ENSG00000211592::ENSG00000211597::ENSG00000239855::ENSG00000241755	IGKC::IGKJ1::IGKV1-6::IGKV1-9	-0	5.52972	4768	3435;13;0;0;	PASS:GF	2:88857165-88857682;2:88861885-88861922;2:88966260-88966556;2:89010402-89010479;
ENSG00000211592::ENSG00000211597::ENSG00000239855::ENSG00000241755::ENSG00000243063	IGKC::IGKJ1::IGKV1-6::IGKV1-9::IGKV3-7	-0	0.04784	33	3435;13;0;0;0;	PASS:RT	2:88857165-88857682;2:88861885-88861922;2:88966260-88966556;2:89010413-89010477;2:88978935-88978945;
ENSG00000211592::ENSG00000211597::ENSG00000239855::ENSG00000241755::ENSG00000253578	IGKC::IGKJ1::IGKV1-6::IGKV1-9::IGKV1-22	-0	0.014497	10	3435;13;0;0;0;	PASS:RT	2:88857165-88857682;2:88861885-88861922;2:88966260-88966556;2:89010402-89010439;2:89171195-89171237;
ENSG00000211592::ENSG00000211597::ENSG00000239855::ENSG00000242371	IGKC::IGKJ1::IGKV1-6::IGKV1-39	-0	0.216697	207	3435;13;0;372;	PASS:GF	2:88857165-88857682;2:88861885-88861922;2:88966260-88966556;2:89320044-89320122;
ENSG00000211592::ENSG00000211597::ENSG00000239855::ENSG00000242371::ENSG00000243238	IGKC::IGKJ1::IGKV1-6::IGKV1-39::IGKV2-30	-0	0.0222455	17	3435;13;0;372;0;	PASS:RT	2:88857165-88857682;2:88861885-88861922;2:88966260-88966431;2:89319800-89319919;2:89244951-89244955;
ENSG00000211592::ENSG00000211597::ENSG00000239855::ENSG00000242371::ENSG00000254157	IGKC::IGKJ1::IGKV1-6::IGKV1-39::IGKV2-18	-0	0.00915991	7	3435;13;0;372;0;	PASS:RT	2:88857165-88857682;2:88861885-88861922;2:88966260-88966351;2:89319722-89319919;2:89128797-89128802;
ENSG00000211592::ENSG00000211597::ENSG00000239855::ENSG00000243063	IGKC::IGKJ1::IGKV1-6::IGKV3-7	-0	0.19252	166	3435;13;0;0;	PASS:RT	2:88857165-88857682;2:88861885-88861922;2:88966260-88966556;2:88978935-88978956;
ENSG00000211592::ENSG00000211597::ENSG00000239855::ENSG00000243063::ENSG00000253578	IGKC::IGKJ1::IGKV1-6::IGKV3-7::IGKV1-22	-0	0.00434909	3	3435;13;0;0;0;	PASS:RT	2:88857165-88857682;2:88861885-88861933;2:88966284-88966556;2:88978935-88978950;2:89171170-89171237;
ENSG00000211592::ENSG00000211597::ENSG00000239855::ENSG00000244575	IGKC::IGKJ1::IGKV1-6::IGKV1-27	-0	0.00347927	3	3435;13;0;0;	PASS:RT	2:88857178-88857682;2:88861885-88861948;2:88966297-88966556;2:89213842-89213914;
ENSG00000211592::ENSG00000211597::ENSG00000239855::ENSG00000253278	IGKC::IGKJ1::IGKV1-6::IGKV2-10	-0	0.00463903	4	3435;13;0;0;	PASS:RT	2:88857166-88857682;2:88861885-88861922;2:88966260-88966556;2:89020636-89020680;
ENSG00000211592::ENSG00000211597::ENSG00000239855::ENSG00000253497	IGKC::IGKJ1::IGKV1-6::IGKV1-13	-0	0.353726	305	3435;13;0;0;	PASS:GF	2:88857165-88857682;2:88861885-88861922;2:88966260-88966556;2:89046411-89046488;
ENSG00000211592::ENSG00000211597::ENSG00000239855::ENSG00000253497::ENSG00000253578	IGKC::IGKJ1::IGKV1-6::IGKV1-13::IGKV1-22	-0	0.00869817	6	3435;13;0;0;0;	PASS:RT	2:88857165-88857682;2:88861885-88861922;2:88966260-88966556;2:89046411-89046448;2:89171195-89171240;
ENSG00000211592::ENSG00000211597::ENSG00000239855::ENSG00000253578	IGKC::IGKJ1::IGKV1-6::IGKV1-22	-0	0.114816	99	3435;13;0;0;	PASS:RT	2:88857165-88857682;2:88861885-88861922;2:88966260-88966556;2:89171157-89171237;
ENSG00000211592::ENSG00000211597::ENSG00000239855::ENSG00000253578::ENSG00000254157	IGKC::IGKJ1::IGKV1-6::IGKV1-22::IGKV2-18	-0	0.00724848	5	3435;13;0;0;0;	PASS:RT	2:88857165-88857682;2:88861885-88861934;2:88966269-88966556;2:89171189-89171237;2:89129433-89129464;
ENSG00000211592::ENSG00000211597::ENSG00000239862	IGKC::IGKJ1::IGKV1-37	-0	0.00434909	5	3435;13;0;	PASS:RT	2:88857344-88857682;2:88861885-88861922;2:89297264-89297558;
ENSG00000211592::ENSG00000211597::ENSG00000239862::ENSG00000242371	IGKC::IGKJ1::IGKV1-37::IGKV1-39	-0	0.027218	26	3435;13;0;372;	PASS:RT	2:88857165-88857682;2:88861885-88861935;2:89297476-89297558;2:89320044-89320124;
ENSG00000211592::ENSG00000211597::ENSG00000239862::ENSG00000242371::ENSG00000253497	IGKC::IGKJ1::IGKV1-37::IGKV1-39::IGKV1-13	-0	0.00523423	4	3435;13;0;372;0;	PASS:RT	2:88857350-88857682;2:88861885-88861935;2:89297476-89297558;2:89320044-89320124;2:89046005-89046170;
ENSG00000211592::ENSG00000211597::ENSG00000240382	IGKC::IGKJ1::IGKV1-17	-0	0.04784	55	3435;13;0;	PASS:RT	2:88857165-88857682;2:88861885-88861922;2:89117342-89117636;
ENSG00000211592::ENSG00000211597::ENSG00000240382::ENSG00000240671	IGKC::IGKJ1::IGKV1-17::IGKV1-8	-0	0.0197159	17	3435;13;0;0;	PASS:RT	2:88857165-88857682;2:88861885-88861935;2:89117762-89117838;2:88992424-88992703;
ENSG00000211592::ENSG00000211597::ENSG00000240382::ENSG00000242371	IGKC::IGKJ1::IGKV1-17::IGKV1-39	-0	0.758964	725	3435;13;0;372;	PASS:GF	2:88857165-88857682;2:88861885-88861922;2:89117340-89117636;2:89320044-89320122;
ENSG00000211592::ENSG00000211597::ENSG00000240382::ENSG00000243290	IGKC::IGKJ1::IGKV1-17::IGKV1-12	-0	0.00463903	4	3435;13;0;0;	PASS:RT	2:88857198-88857682;2:88861885-88861933;2:89117762-89117839;2:89040231-89040518;
ENSG00000211592::ENSG00000211597::ENSG00000240382::ENSG00000244575	IGKC::IGKJ1::IGKV1-17::IGKV1-27	-0	0.0115976	10	3435;13;0;0;	PASS:RT	2:88857165-88857682;2:88861885-88861922;2:89117340-89117636;2:89213842-89213914;
ENSG00000211592::ENSG00000211597::ENSG00000240382::ENSG00000253497	IGKC::IGKJ1::IGKV1-17::IGKV1-13	-0	0.0324732	28	3435;13;0;0;	PASS:RT	2:88857165-88857682;2:88861885-88861935;2:89117762-89117828;2:89046005-89046284;
ENSG00000211592::ENSG00000211597::ENSG00000240382::ENSG00000253578	IGKC::IGKJ1::IGKV1-17::IGKV1-22	-0	0.0405915	35	3435;13;0;0;	PASS:RT	2:88857165-88857682;2:88861885-88861922;2:89117340-89117636;2:89171157-89171237;
ENSG00000211592::ENSG00000211597::ENSG00000240671	IGKC::IGKJ1::IGKV1-8	-0	0.174833	201	3435;13;0;	PASS:RT	2:88857165-88857682;2:88861885-88861935;2:88992424-88992527;
ENSG00000211592::ENSG00000211597::ENSG00000240671::ENSG00000241755	IGKC::IGKJ1::IGKV1-8::IGKV1-9	-0	0.0765439	66	3435;13;0;0;	PASS:RT	2:88857165-88857682;2:88861885-88861935;2:88992424-88992703;2:89010402-89010480;
ENSG00000211592::ENSG00000211597::ENSG00000240671::ENSG00000242371	IGKC::IGKJ1::IGKV1-8::IGKV1-39	-0	0.114106	109	3435;13;0;372;	PASS:RT	2:88857165-88857682;2:88861885-88861935;2:88992424-88992514;2:89319731-89319919;
ENSG00000211592::ENSG00000211597::ENSG00000240671::ENSG00000242371::ENSG00000243238	IGKC::IGKJ1::IGKV1-8::IGKV1-39::IGKV2-30	-0	0.00523423	4	3435;13;0;372;0;	PASS:RT	2:88857165-88857682;2:88861885-88861941;2:88992424-88992571;2:89319800-89319919;2:89244944-89244955;
ENSG00000211592::ENSG00000211597::ENSG00000240671::ENSG00000242371::ENSG00000254157	IGKC::IGKJ1::IGKV1-8::IGKV1-39::IGKV2-18	-0	0.00654279	5	3435;13;0;372;0;	PASS:RT	2:88857168-88857682;2:88861885-88861935;2:88992424-88992498;2:89319722-89319919;2:89128797-89128802;
ENSG00000211592::ENSG00000211597::ENSG00000240671::ENSG00000243290	IGKC::IGKJ1::IGKV1-8::IGKV1-12	-0	0.00927805	8	3435;13;0;0;	PASS:RT	2:88857165-88857682;2:88861885-88861935;2:88992424-88992703;2:89040643-89040723;
ENSG00000211592::ENSG00000211597::ENSG00000240671::ENSG00000253497	IGKC::IGKJ1::IGKV1-8::IGKV1-13	-0	0.00463903	4	3435;13;0;0;	PASS:RT	2:88857165-88857682;2:88861885-88861935;2:88992424-88992703;2:89046411-89046482;
ENSG00000211592::ENSG00000211597::ENSG00000240671::ENSG00000253578	IGKC::IGKJ1::IGKV1-8::IGKV1-22	-0	0.0127573	11	3435;13;0;0;	PASS:RT	2:88857165-88857682;2:88861885-88861935;2:88992424-88992703;2:89171157-89171237;
ENSG00000211592::ENSG00000211597::ENSG00000240864	IGKC::IGKJ1::IGKV1-16	-0	0.0695854	80	3435;13;0;	PASS:RT	2:88857165-88857682;2:88861885-88861935;2:89099874-89100153;
ENSG00000211592::ENSG00000211597::ENSG00000240864::ENSG00000242076	IGKC::IGKJ1::IGKV1-16::IGKV1-33	-0	0.00347927	3	3435;13;0;0;	PASS:RT	2:88857168-88857682;2:88861885-88861935;2:89099874-89100153;2:89268420-89268498;
ENSG00000211592::ENSG00000211597::ENSG00000240864::ENSG00000242371	IGKC::IGKJ1::IGKV1-16::IGKV1-39	-0	1.88851	1804	3435;13;0;372;	PASS:GF	2:88857165-88857682;2:88861885-88861935;2:89099874-89100153;2:89320044-89320121;
ENSG00000211592::ENSG00000211597::ENSG00000240864::ENSG00000242371::ENSG00000243238	IGKC::IGKJ1::IGKV1-16::IGKV1-39::IGKV2-30	-0	0.0405653	31	3435;13;0;372;0;	PASS:RT	2:88857165-88857682;2:88861885-88861935;2:89099874-89100028;2:89319800-89319919;2:89244951-89244955;
ENSG00000211592::ENSG00000211597::ENSG00000240864::ENSG00000242371::ENSG00000254157	IGKC::IGKJ1::IGKV1-16::IGKV1-39::IGKV2-18	-0	0.222455	170	3435;13;0;372;0;	PASS:GF	2:88857165-88857682;2:88861885-88861935;2:89099874-89099948;2:89319722-89319919;2:89128797-89128802;
ENSG00000211592::ENSG00000211597::ENSG00000240864::ENSG00000243290	IGKC::IGKJ1::IGKV1-16::IGKV1-12	-0	0.0208756	18	3435;13;0;0;	PASS:RT	2:88857165-88857682;2:88861885-88861933;2:89100279-89100348;2:89040231-89040518;
ENSG00000211592::ENSG00000211597::ENSG00000240864::ENSG00000244575	IGKC::IGKJ1::IGKV1-16::IGKV1-27	-0	0.00927805	8	3435;13;0;0;	PASS:RT	2:88857165-88857682;2:88861885-88861935;2:89099874-89100153;2:89213842-89213914;
ENSG00000211592::ENSG00000211597::ENSG00000240864::ENSG00000253497	IGKC::IGKJ1::IGKV1-16::IGKV1-13	-0	0.296898	256	3435;13;0;0;	PASS:GF	2:88857165-88857682;2:88861885-88861935;2:89100279-89100348;2:89046005-89046284;
ENSG00000211592::ENSG00000211597::ENSG00000240864::ENSG00000253497::ENSG00000253578	IGKC::IGKJ1::IGKV1-16::IGKV1-13::IGKV1-22	-0	0.0376921	26	3435;13;0;0;0;	PASS:RT	2:88857165-88857682;2:88861885-88861935;2:89100279-89100300;2:89046005-89046284;2:89171179-89171237;
ENSG00000211592::ENSG00000211597::ENSG00000240864::ENSG00000253578	IGKC::IGKJ1::IGKV1-16::IGKV1-22	-0	0.0405915	35	3435;13;0;0;	PASS:RT	2:88857165-88857682;2:88861885-88861935;2:89099874-89100153;2:89171157-89171237;
ENSG00000211592::ENSG00000211597::ENSG00000241755	IGKC::IGKJ1::IGKV1-9	-0	0.481879	554	3435;13;0;	PASS:GF	2:88857165-88857682;2:88861885-88861922;2:89009980-89010276;
ENSG00000211592::ENSG00000211597::ENSG00000241755::ENSG00000242371	IGKC::IGKJ1::IGKV1-9::IGKV1-39	-0	0.0104685	10	3435;13;0;372;	PASS:RT	2:88857165-88857682;2:88861885-88861922;2:89009980-89010276;2:89320044-89320124;
ENSG00000211592::ENSG00000211597::ENSG00000241755::ENSG00000243466	IGKC::IGKJ1::IGKV1-9::IGKV1-5	-0	0.0231884	20	3435;13;0;1;	PASS:RT	2:88857165-88857682;2:88861885-88861935;2:89010402-89010482;2:88947471-88947595;
ENSG00000211592::ENSG00000211597::ENSG00000241755::ENSG00000253578	IGKC::IGKJ1::IGKV1-9::IGKV1-22	-0	0.00695854	6	3435;13;0;0;	PASS:RT	2:88857166-88857682;2:88861885-88861934;2:89009997-89010276;2:89171172-89171236;
ENSG00000211592::ENSG00000211597::ENSG00000242076::ENSG00000242371	IGKC::IGKJ1::IGKV1-33::IGKV1-39	-0	0.0387333	37	3435;13;0;372;	PASS:RT	2:88857165-88857682;2:88861885-88861935;2:89268016-89268295;2:89320044-89320121;
ENSG00000211592::ENSG00000211597::ENSG00000242076::ENSG00000242371::ENSG00000253497	IGKC::IGKJ1::IGKV1-33::IGKV1-39::IGKV1-13	-0	0.0130856	10	3435;13;0;372;0;	PASS:RT	2:88857165-88857682;2:88861885-88861935;2:89268163-89268295;2:89320044-89320124;2:89046005-89046151;
ENSG00000211592::ENSG00000211597::ENSG00000242076::ENSG00000253497	IGKC::IGKJ1::IGKV1-33::IGKV1-13	-0	0.00579878	5	3435;13;0;0;	PASS:RT	2:88857165-88857682;2:88861885-88861935;2:89268420-89268497;2:89046005-89046284;
ENSG00000211592::ENSG00000211597::ENSG00000242371	IGKC::IGKJ1::IGKV1-39	-0	2.68595	3421	3435;13;372;	PASS:GF	2:88857165-88857299;2:88861885-88861922;2:89319625-89319919;
ENSG00000211592::ENSG00000211597::ENSG00000242371::ENSG00000243238	IGKC::IGKJ1::IGKV1-39::IGKV2-30	-0	0.013609	13	3435;13;372;0;	PASS:RT	2:88857165-88857682;2:88861885-88861933;2:89319800-89319919;2:89244894-89244955;
ENSG00000211592::ENSG00000211597::ENSG00000242371::ENSG00000243238::ENSG00000243290	IGKC::IGKJ1::IGKV1-39::IGKV2-30::IGKV1-12	-0	0.307511	235	3435;13;372;0;0;	PASS:GF	2:88857165-88857682;2:88861885-88861933;2:89319800-89319919;2:89244951-89244955;2:89040231-89040393;
ENSG00000211592::ENSG00000211597::ENSG00000242371::ENSG00000243238::ENSG00000244575	IGKC::IGKJ1::IGKV1-39::IGKV2-30::IGKV1-27	-0	0.0405653	31	3435;13;372;0;0;	PASS:RT	2:88857165-88857682;2:88861885-88861933;2:89319800-89319919;2:89244950-89244955;2:89213430-89213592;
ENSG00000211592::ENSG00000211597::ENSG00000242371::ENSG00000243238::ENSG00000253497	IGKC::IGKJ1::IGKV1-39::IGKV2-30::IGKV1-13	-0	0.00915991	7	3435;13;372;0;0;	PASS:RT	2:88857166-88857682;2:88861885-88861935;2:89319800-89319919;2:89244951-89244955;2:89046005-89046159;
ENSG00000211592::ENSG00000211597::ENSG00000242371::ENSG00000243290	IGKC::IGKJ1::IGKV1-39::IGKV1-12	-0	1.25517	1199	3435;13;372;0;	PASS:GF	2:88857165-88857682;2:88861885-88861933;2:89319755-89319919;2:89040231-89040353;
ENSG00000211592::ENSG00000211597::ENSG00000242371::ENSG00000243466	IGKC::IGKJ1::IGKV1-39::IGKV1-5	-0	0.00627943	6	3435;13;372;1;	PASS:RT	2:88857165-88857682;2:88861885-88861935;2:89319722-89319919;2:88947316-88947383;
ENSG00000211592::ENSG00000211597::ENSG00000242371::ENSG00000243466::ENSG00000254157	IGKC::IGKJ1::IGKV1-39::IGKV1-5::IGKV2-18	-0	0.00523286	4	3435;13;372;1;0;	PASS:RT	2:88857165-88857682;2:88861885-88861935;2:89319730-89319919;2:88947316-88947390;2:89128797-89128806;
ENSG00000211592::ENSG00000211597::ENSG00000242371::ENSG00000244575	IGKC::IGKJ1::IGKV1-39::IGKV1-27	-0	0.390474	373	3435;13;372;0;	PASS:GF	2:88857165-88857682;2:88861885-88861933;2:89319713-89319919;2:89213430-89213510;
ENSG00000211592::ENSG00000211597::ENSG00000242371::ENSG00000253202	IGKC::IGKJ1::IGKV1-39::IGKV3-25	-0	0.00523423	5	3435;13;372;0;	PASS:RT	2:88857165-88857682;2:88861885-88861933;2:89319686-89319919;2:89192503-89192559;
ENSG00000211592::ENSG00000211597::ENSG00000242371::ENSG00000253461	IGKC::IGKJ1::IGKV1-39::IGKV1-35	-0	0.00523423	5	3435;13;372;0;	PASS:RT	2:88857165-88857682;2:88861885-88861935;2:89319755-89319919;2:89286711-89286825;
ENSG00000211592::ENSG00000211597::ENSG00000242371::ENSG00000253497	IGKC::IGKJ1::IGKV1-39::IGKV1-13	-0	78.3167	74812	3435;13;372;0;	PASS:GF	2:88857165-88857682;2:88861885-88861935;2:89319731-89319919;2:89046005-89046095;
ENSG00000211592::ENSG00000211597::ENSG00000242371::ENSG00000253578	IGKC::IGKJ1::IGKV1-39::IGKV1-22	-0	3.99791	3819	3435;13;372;0;	PASS:GF	2:88857165-88857682;2:88861885-88861933;2:89319755-89319919;2:89170749-89170878;
ENSG00000211592::ENSG00000211597::ENSG00000242371::ENSG00000253998	IGKC::IGKJ1::IGKV1-39::IGKV2-29	-0	0.00418739	4	3435;13;372;0;	PASS:RT	2:88857165-88857682;2:88861885-88861933;2:89319693-89319919;2:89234862-89234915;
ENSG00000211592::ENSG00000211597::ENSG00000242371::ENSG00000254157	IGKC::IGKJ1::IGKV1-39::IGKV2-18	-0	0.00314054	3	3435;13;372;0;	PASS:RT	2:88857167-88857682;2:88861885-88861948;2:89319722-89319919;2:89129010-89129029;
ENSG00000211592::ENSG00000211597::ENSG00000243290	IGKC::IGKJ1::IGKV1-12	-0	0.136561	157	3435;13;0;	PASS:RT	2:88857165-88857682;2:88861885-88861933;2:89040231-89040518;
ENSG00000211592::ENSG00000211597::ENSG00000243290::ENSG00000244575	IGKC::IGKJ1::IGKV1-12::IGKV1-27	-0	0.0336329	29	3435;13;0;0;	PASS:RT	2:88857165-88857682;2:88861885-88861933;2:89040231-89040518;2:89213842-89213914;
ENSG00000211592::ENSG00000211597::ENSG00000243290::ENSG00000253578	IGKC::IGKJ1::IGKV1-12::IGKV1-22	-0	0.0359524	31	3435;13;0;0;	PASS:RT	2:88857165-88857682;2:88861885-88861933;2:89040231-89040518;2:89171157-89171236;
ENSG00000211592::ENSG00000211597::ENSG00000243466	IGKC::IGKJ1::IGKV1-5	-0	1.30957	1506	3435;13;1;	PASS:GF	2:88857165-88857682;2:88861885-88861935;2:88947316-88947417;
ENSG00000211592::ENSG00000211597::ENSG00000243466::ENSG00000253578	IGKC::IGKJ1::IGKV1-5::IGKV1-22	-0	0.00347826	3	3435;13;1;0;	PASS:RT	2:88857166-88857682;2:88861885-88861935;2:88947316-88947595;2:89171206-89171237;
ENSG00000211592::ENSG00000211597::ENSG00000244575::ENSG00000253497	IGKC::IGKJ1::IGKV1-27::IGKV1-13	-0	0.0405915	35	3435;13;0;0;	PASS:RT	2:88857165-88857682;2:88861885-88861935;2:89213842-89213914;2:89046005-89046284;
ENSG00000211592::ENSG00000211597::ENSG00000253497	IGKC::IGKJ1::IGKV1-13	-0	0.114816	132	3435;13;0;	PASS:RT	2:88857165-88857682;2:88861885-88861935;2:89046005-89046115;
ENSG00000211592::ENSG00000211597::ENSG00000253497::ENSG00000253578	IGKC::IGKJ1::IGKV1-13::IGKV1-22	-0	2.13627	1842	3435;13;0;0;	PASS:GF	2:88857165-88857682;2:88861885-88861935;2:89046005-89046106;2:89171201-89171237;
ENSG00000211592::ENSG00000211597::ENSG00000253578	IGKC::IGKJ1::IGKV1-22	-0	0.00869817	10	3435;13;0;	PASS:RT	2:88857165-88857682;2:88861885-88861948;2:89171200-89171237;
ENSG00000211592::ENSG00000211611	IGKC::IGKV6-21	-45.1884	0.0110594	19	3435;0;	PASS:RT	2:88857165-88857682;2:89159745-89159844;
ENSG00000211592::ENSG00000211611::ENSG00000242371	IGKC::IGKV6-21::IGKV1-39	-0	0.00866597	11	3435;0;372;	PASS:RT	2:88857165-88857682;2:89159745-89159846;2:89319726-89319919;
ENSG00000211592::ENSG00000211611::ENSG00000253578	IGKC::IGKV6-21::IGKV1-22	-0	0.0113504	13	3435;0;0;	PASS:RT	2:88857165-88857682;2:89159758-89159865;2:89171204-89171237;
ENSG00000211592::ENSG00000227097	IGKC::RPS28P7	-0	0.00349243	6	3435;0;	PASS:GF	2:88857165-88857261;11:82689529-82689849;
ENSG00000211592::ENSG00000239855	IGKC::IGKV1-6	-1287.62	6.92258	11893	3435;0;	PASS:GF	2:88857165-88857682;2:88966216-88966556;
ENSG00000211592::ENSG00000239855::ENSG00000240671	IGKC::IGKV1-6::IGKV1-8	-54.9102	0.080326	92	3435;0;0;	PASS:RT	2:88857165-88857682;2:88966216-88966556;2:88992829-88992889;
ENSG00000211592::ENSG00000239855::ENSG00000240671::ENSG00000253578	IGKC::IGKV1-6::IGKV1-8::IGKV1-22	-0	0.0128056	11	3435;0;0;0;	PASS:RT	2:88857166-88857682;2:88966216-88966556;2:88992829-88992850;2:89171179-89171237;
ENSG00000211592::ENSG00000239855::ENSG00000241755	IGKC::IGKV1-6::IGKV1-9	-33.0667	1.15512	1323	3435;0;0;	PASS:GF	2:88857165-88857682;2:88966216-88966556;2:89010402-89010479;
ENSG00000211592::ENSG00000239855::ENSG00000241755::ENSG00000243063	IGKC::IGKV1-6::IGKV1-9::IGKV3-7	-0	0.00465658	4	3435;0;0;0;	PASS:RT	2:88857166-88857682;2:88966216-88966556;2:89010416-89010483;2:88978935-88978950;
ENSG00000211592::ENSG00000239855::ENSG00000241755::ENSG00000253578	IGKC::IGKV1-6::IGKV1-9::IGKV1-22	-0	0.00698487	6	3435;0;0;0;	PASS:RT	2:88857166-88857682;2:88966216-88966556;2:89010402-89010426;2:89171182-89171237;
ENSG00000211592::ENSG00000239855::ENSG00000242371	IGKC::IGKV1-6::IGKV1-39	-0	0.0378151	48	3435;0;372;	PASS:RT	2:88857165-88857682;2:88966216-88966556;2:89320044-89320121;
ENSG00000211592::ENSG00000239855::ENSG00000242371::ENSG00000243238	IGKC::IGKV1-6::IGKV1-39::IGKV2-30	-0	0.0136555	13	3435;0;372;0;	PASS:RT	2:88857165-88857682;2:88966216-88966431;2:89319800-89319919;2:89244951-89244955;
ENSG00000211592::ENSG00000239855::ENSG00000242371::ENSG00000254157	IGKC::IGKV1-6::IGKV1-39::IGKV2-18	-0	0.012605	12	3435;0;372;0;	PASS:RT	2:88857165-88857682;2:88966216-88966351;2:89319722-89319919;2:89128797-89128802;
ENSG00000211592::ENSG00000239855::ENSG00000243063	IGKC::IGKV1-6::IGKV3-7	-0	0.032305	37	3435;0;0;	PASS:RT	2:88857165-88857682;2:88966216-88966556;2:88978935-88978956;
ENSG00000211592::ENSG00000239855::ENSG00000253497	IGKC::IGKV1-6::IGKV1-13	-0	0.134459	154	3435;0;0;	PASS:RT	2:88857165-88857682;2:88966216-88966556;2:89046411-89046477;
ENSG00000211592::ENSG00000239855::ENSG00000253497::ENSG00000253578	IGKC::IGKV1-6::IGKV1-13::IGKV1-22	-0	0.00465658	4	3435;0;0;0;	PASS:RT	2:88857217-88857682;2:88966288-88966556;2:89046411-89046446;2:89171193-89171237;
ENSG00000211592::ENSG00000239855::ENSG00000253578	IGKC::IGKV1-6::IGKV1-22	-0	0.0427823	49	3435;0;0;	PASS:RT	2:88857165-88857682;2:88966216-88966556;2:89171157-89171237;
ENSG00000211592::ENSG00000239862::ENSG00000242371	IGKC::IGKV1-37::IGKV1-39	-0	0.00709034	9	3435;0;372;	PASS:RT	2:88857165-88857601;2:89297332-89297558;2:89320044-89320122;
ENSG00000211592::ENSG00000239862::ENSG00000242371::ENSG00000253497	IGKC::IGKV1-37::IGKV1-39::IGKV1-13	-0	0.00315126	3	3435;0;372;0;	PASS:RT	2:88857195-88857682;2:89297506-89297558;2:89320044-89320121;2:89045965-89046227;
ENSG00000211592::ENSG00000240382	IGKC::IGKV1-17	-0	0.00523865	9	3435;0;	PASS:RT	2:88857165-88857682;2:89117320-89117636;
ENSG00000211592::ENSG00000240382::ENSG00000242371	IGKC::IGKV1-17::IGKV1-39	-0	0.0488445	62	3435;0;372;	PASS:RT	2:88857165-88857682;2:89117296-89117636;2:89320044-89320123;
ENSG00000211592::ENSG00000240382::ENSG00000243290	IGKC::IGKV1-17::IGKV1-12	-0	0.00785797	9	3435;0;0;	PASS:RT	2:88857168-88857682;2:89117762-89117829;2:89040213-89040518;
ENSG00000211592::ENSG00000240382::ENSG00000253497	IGKC::IGKV1-17::IGKV1-13	-0	0.0113504	13	3435;0;0;	PASS:RT	2:88857167-88857682;2:89117762-89117838;2:89045965-89046284;
ENSG00000211592::ENSG00000240382::ENSG00000253578	IGKC::IGKV1-17::IGKV1-22	-0	0.00698487	8	3435;0;0;	PASS:RT	2:88857167-88857682;2:89117315-89117636;2:89171164-89171237;
ENSG00000211592::ENSG00000240671	IGKC::IGKV1-8	-9.50735	0.00291036	5	3435;0;	PASS:RT	2:88857173-88857682;2:88992402-88992542;
ENSG00000211592::ENSG00000240671::ENSG00000241755	IGKC::IGKV1-8::IGKV1-9	-0	0.0227008	26	3435;0;0;	PASS:RT	2:88857165-88857682;2:88992440-88992703;2:89010402-89010480;
ENSG00000211592::ENSG00000240671::ENSG00000242371	IGKC::IGKV1-8::IGKV1-39	-0	0.00709034	9	3435;0;372;	PASS:RT	2:88857165-88857682;2:88992363-88992519;2:89319757-89319919;
ENSG00000211592::ENSG00000240671::ENSG00000253578	IGKC::IGKV1-8::IGKV1-22	-0	0.00261932	3	3435;0;0;	PASS:RT	2:88857168-88857682;2:88992664-88992703;2:89171179-89171237;
ENSG00000211592::ENSG00000240864	IGKC::IGKV1-16	-7.16434	0.00698487	12	3435;0;	PASS:RT	2:88857165-88857682;2:89099849-89100153;
ENSG00000211592::ENSG00000240864::ENSG00000242371	IGKC::IGKV1-16::IGKV1-39	-2.78878	0.147321	187	3435;0;372;	PASS:RT	2:88857165-88857682;2:89099850-89100153;2:89320044-89320122;
ENSG00000211592::ENSG00000240864::ENSG00000242371::ENSG00000254157	IGKC::IGKV1-16::IGKV1-39::IGKV2-18	-0	0.00315126	3	3435;0;372;0;	PASS:RT	2:88857165-88857725;2:89099874-89099948;2:89319743-89319919;2:89128797-89128811;
ENSG00000211592::ENSG00000240864::ENSG00000243290	IGKC::IGKV1-16::IGKV1-12	-4.80606	0.00960419	11	3435;0;0;	PASS:RT	2:88857166-88857682;2:89100279-89100348;2:89040202-89040518;
ENSG00000211592::ENSG00000240864::ENSG00000244575	IGKC::IGKV1-16::IGKV1-27	-0	0.00523865	6	3435;0;0;	PASS:RT	2:88857165-88857682;2:89099843-89100153;2:89213842-89213914;
ENSG00000211592::ENSG00000240864::ENSG00000253497	IGKC::IGKV1-16::IGKV1-13	-10.975	0.0497672	57	3435;0;0;	PASS:RT	2:88857165-88857682;2:89100279-89100348;2:89045959-89046284;
ENSG00000211592::ENSG00000240864::ENSG00000253497::ENSG00000253578	IGKC::IGKV1-16::IGKV1-13::IGKV1-22	-0	0.00582072	5	3435;0;0;0;	PASS:RT	2:88857165-88857682;2:89100279-89100300;2:89045965-89046284;2:89171179-89171237;
ENSG00000211592::ENSG00000240864::ENSG00000253578	IGKC::IGKV1-16::IGKV1-22	-0	0.0157159	18	3435;0;0;	PASS:RT	2:88857165-88857682;2:89099852-89100153;2:89171157-89171235;
ENSG00000211592::ENSG00000241755	IGKC::IGKV1-9	-9.63248	0.100698	173	3435;0;	PASS:RT	2:88857165-88857682;2:89009973-89010276;
ENSG00000211592::ENSG00000241755::ENSG00000242371	IGKC::IGKV1-9::IGKV1-39	-0	0.00236345	3	3435;0;372;	PASS:RT	2:88857165-88857682;2:89009989-89010276;2:89320044-89320124;
ENSG00000211592::ENSG00000241755::ENSG00000243466	IGKC::IGKV1-9::IGKV1-5	-0	0.00610998	7	3435;0;1;	PASS:RT	2:88857165-88857635;2:89010402-89010479;2:88947451-88947595;
ENSG00000211592::ENSG00000241755::ENSG00000253578	IGKC::IGKV1-9::IGKV1-22	-0	0.00349243	4	3435;0;0;	PASS:RT	2:88857169-88857682;2:89009974-89010276;2:89171193-89171237;
ENSG00000211592::ENSG00000242076::ENSG00000242371	IGKC::IGKV1-33::IGKV1-39	-0	0.00236345	3	3435;0;372;	PASS:RT	2:88857534-88857682;2:89268137-89268295;2:89320044-89320121;
ENSG00000211592::ENSG00000242076::ENSG00000253497	IGKC::IGKV1-33::IGKV1-13	-0	0.00261932	3	3435;0;0;	PASS:RT	2:88857187-88857682;2:89268420-89268498;2:89045964-89046284;
ENSG00000211592::ENSG00000242371	IGKC::IGKV1-39	-2.76939	0.794643	1513	3435;372;	PASS:GF	2:88857165-88857399;2:89319680-89319919;
ENSG00000211592::ENSG00000242371::ENSG00000243238	IGKC::IGKV1-39::IGKV2-30	-0	0.00630252	8	3435;372;0;	PASS:RT	2:88857165-88857682;2:89319800-89319919;2:89244916-89244955;
ENSG00000211592::ENSG00000242371::ENSG00000243238::ENSG00000243290	IGKC::IGKV1-39::IGKV2-30::IGKV1-12	-0	0.0588235	56	3435;372;0;0;	PASS:RT	2:88857165-88857682;2:89319800-89319919;2:89244951-89244955;2:89040199-89040393;
ENSG00000211592::ENSG00000242371::ENSG00000243238::ENSG00000244575	IGKC::IGKV1-39::IGKV2-30::IGKV1-27	-0	0.0105042	10	3435;372;0;0;	PASS:RT	2:88857165-88857682;2:89319800-89319919;2:89244950-89244955;2:89213382-89213592;
ENSG00000211592::ENSG00000242371::ENSG00000243290	IGKC::IGKV1-39::IGKV1-12	-2.7855	0.3427	435	3435;372;0;	PASS:GF	2:88857165-88857682;2:89319783-89319919;2:89040199-89040381;
ENSG00000211592::ENSG00000242371::ENSG00000243290::ENSG00000254157	IGKC::IGKV1-39::IGKV1-12::IGKV2-18	-0	0.0105042	10	3435;372;0;0;	PASS:RT	2:88857165-88857682;2:89319722-89319919;2:89040194-89040313;2:89128797-89128802;
ENSG00000211592::ENSG00000242371::ENSG00000244575	IGKC::IGKV1-39::IGKV1-27	-0	0.0472689	60	3435;372;0;	PASS:RT	2:88857165-88857682;2:89320044-89320121;2:89213431-89213717;
ENSG00000211592::ENSG00000242371::ENSG00000253497	IGKC::IGKV1-39::IGKV1-13	-2.99735	3.54359	4498	3435;372;0;	PASS:GF	2:88857165-88857682;2:89319731-89319919;2:89045944-89046095;
ENSG00000211592::ENSG00000242371::ENSG00000253497::ENSG00000254157	IGKC::IGKV1-39::IGKV1-13::IGKV2-18	-0	0.00630252	6	3435;372;0;0;	PASS:RT	2:88857165-88857682;2:89319722-89319919;2:89045944-89046079;2:89128797-89128802;
ENSG00000211592::ENSG00000242371::ENSG00000253578	IGKC::IGKV1-39::IGKV1-22	-0	0.526261	668	3435;372;0;	PASS:GF	2:88857165-88857682;2:89319755-89319919;2:89170699-89170878;
ENSG00000211592::ENSG00000243290	IGKC::IGKV1-12	-7.1589	0.0465658	80	3435;0;	PASS:RT	2:88857165-88857682;2:89040199-89040518;
ENSG00000211592::ENSG00000243290::ENSG00000244575	IGKC::IGKV1-12::IGKV1-27	-0	0.0130966	15	3435;0;0;	PASS:RT	2:88857165-88857682;2:89040199-89040518;2:89213842-89213914;
ENSG00000211592::ENSG00000243290::ENSG00000253578	IGKC::IGKV1-12::IGKV1-22	-0	0.0165891	19	3435;0;0;	PASS:RT	2:88857165-88857682;2:89040198-89040518;2:89171157-89171237;
ENSG00000211592::ENSG00000243466	IGKC::IGKV1-5	-28.5604	0.107652	185	3435;1;	PASS:RT	2:88857165-88857682;2:88947294-88947594;
ENSG00000211592::ENSG00000243466::ENSG00000253497	IGKC::IGKV1-5::IGKV1-13	-0	0.00261856	3	3435;1;0;	PASS:RT	2:88857177-88857635;2:88947503-88947595;2:89046411-89046491;
ENSG00000211592::ENSG00000244575::ENSG00000253497	IGKC::IGKV1-27::IGKV1-13	-0	0.00785797	9	3435;0;0;	PASS:RT	2:88857168-88857682;2:89213842-89213914;2:89045944-89046284;
ENSG00000211592::ENSG00000253497	IGKC::IGKV1-13	-73.7842	0.0168801	29	3435;0;	PASS:RT	2:88857165-88857682;2:89045965-89046284;
ENSG00000211592::ENSG00000253497::ENSG00000253578	IGKC::IGKV1-13::IGKV1-22	-0	0.147555	169	3435;0;0;	PASS:RT	2:88857165-88857682;2:89045944-89046106;2:89171201-89171237;
ENSG00000211592::ENSG00000279483	IGKC::	-0	0.00349243	6	3435;0;	PASS:GF	2:88857165-88857301;7:137513818-137514073;
ENSG00000211899::ENSG00000211900	IGHM::IGHJ6	20.3148	0.00398406	5	2509;0;	PASS:RT	14:105854219-105854578;14:105863234-105863519;
ENSG00000211899::ENSG00000211912::ENSG00000242887	IGHM::IGHD2-21::IGHJ3	0	0.0250996	21	2509;0;0;	PASS:RT	14:105854219-105854736;14:105888564-105888708;14:105864586-105864651;
ENSG00000211899::ENSG00000211934	IGHM::IGHV1-2	158.529	0.0260252	33	2509;26;	PASS:GF	14:105854217-105854374;14:105986681-105986887;
ENSG00000211899::ENSG00000240041	IGHM::IGHJ4	0	0.00478088	6	2509;0;	PASS:RT	14:105854218-105854532;14:105864214-105864355;
ENSG00000211899::ENSG00000242472	IGHM::IGHJ5	0	0.00239044	3	2509;0;	PASS:RT	14:105854217-105854736;14:105863813-105863977;
ENSG00000211899::ENSG00000264024	IGHM::MIR4507	86.9507	0.0135458	17	2509;0;	PASS:GF	14:105854217-105854552;14:105858111-105858231;
ENSG00000211899::ENSG00000264781	IGHM::MIR4537	25.3935	0.00398406	5	2509;0;	PASS:GF	14:105854217-105854340;14:105859475-105859635;
ENSG00000228509::ENSG00000235852	::	52.2449	12	6	0;0;	PASS:GF	2:190842760-190842865;2:190881912-190882001;
ENSG00000231500::ENSG00000232940	RPS18::HCG25	18.8392	5.36553e-05	3	111807;17;	PASS:RT	6:33272627-33272725;6:33249578-33249654;
ENSG00000234494::ENSG00000264920	SP2-AS1::SP2-DT	33.6792	0.045977	4	80;93;	PASS:RT	17:47918451-47918570;17:47891270-47891580;
ENSG00000241255::ENSG00000247151	::CSTF3-DT	0	6	6	0;1;	PASS:GF	11:33236998-33237488;11:33161645-33161780;
ENSG00000241990::ENSG00000273289	PRR34-AS1::	44.4492	0.00420463	6	2853;0;	PASS:RT	22:46056846-46056944;22:46053006-46053141;
ENSG00000264067::ENSG00000272736::ENSG00000273388	::::	0	15	5	0;0;0;	PASS:GF	17:10320391-10320511;17:10406147-10406279;17:10291849-10291912;
ENSG00000264067::ENSG00000273388	::	13.8314	20	10	0;0;	PASS:GF	17:10320391-10320511;17:10291821-10291912;
ENSG00000267057::ENSG00000267327	LINC01905::	2447.33	42	420	8;11;	PASS:GF	18:56050079-56050176;18:55893199-55893441;
ENSG00000267057::ENSG00000267327::ENSG00000267732	LINC01905::::	51.8753	2.55	17	8;11;0;	PASS:GF	18:56050079-56050176;18:55893240-55893441;18:56149853-56150101;
ENSG00000267374::ENSG00000267413	MIR924HG::LINC01901	164.033	3.6	18	6;3;	PASS:GF	18:39690493-39690691;18:39862143-39862248;
ENSG00000272736::ENSG00000273388	::	33.353	10	5	0;0;	PASS:GF	17:10406147-10406287;17:10291783-10291912;
ENSG00000286807::ENSG00000286980	::	52.2449	1.71429	6	4;2;	PASS:GF	2:183997337-183997417;2:184226092-184226180;
