SumGF	IGKC:RPS28 8 chr2:88857275 chr19:8322320
SumGF	CDK2AP1:RPL22 7 chr12:123261182 chr1:6192965
SumGF	ENY2:COX7C 7 chr8:109336143 chr5:86617963
SumGF	MCM5:PRMT1 6 chr22:35424344 chr19:49680563
SumGF	ANAPC4:HSPD1 6 chr4:25418351 chr2:197489047
SumGF	MSMO1:LSM14A 6 chr4:165343033 chr19:34219506
SumGF	PABPN1:SF3A2 6 chr14:23324236 chr19:2248533
SumGF	TXN:PCBP1 6 chr9:110250876 chr2:70088406
SumGF	SRP14:RPL14 6 chr15:40036410 chr3:40462029
SumGF	ACTB:RPL23 6 chr7:5527500 chr17:38850439
SumGF	RPLP1:IGKC 6 chr15:69452931 chr2:88857328
SumGF	SEC61B:RPL38 5 chr9:99230460 chr17:74209203
SumGF	NRF1:POT1 5 chr7:129677757 chr7:124822549
SumGF	RPS24:RPS21 5 chr10:78037279 chr20:62387873
SumGF	RPS24:RPS8 5 chr10:78037282 chr1:44776141
SumGF	SLAMF7:ATP5F1E 5 chr1:160754627 chr20:59030320
SumGF	NME1-NME2:RPL38 5 chr17:51171552 chr17:74209822
SumGF	KHNYN:APBB3 5 chr14:24441180 chr5:140564564
SumGF	SSNA1:RPLP2 5 chr9:137189862 chr11:812570
SumGF	RPL28:AHCYL1 5 chr19:55388034 chr1:109984918
SumGF	RPL19:RPS11 5 chr17:39204600 chr19:49497945
SumGF	NDUFB7:COX20 5 chr19:14566190 chr1:244843162
SumGF	CNN2:TIMM13 5 chr19:1027046 chr19:2426807
SumGF	ARCN1:DXO 5 chr11:118581336 chr6:31970004
SumGF	GRIPAP1:MT-ND2 5 chrX:48999452 chrM:5338
SumGF	MYRFL:TYW1 5 chr12:69936570 chr7:67018020
SumGF	HSPA8:LBHD1 5 chr11:123061175 chr11:62662993
SumGF	FTL:ARPC2 5 chr19:48965892 chr2:218217519
SumGF	CHMP5:SARAF 5 chr9:33266078 chr8:30063221
SumGF	RPL35:RPL30 5 chr9:124858051 chr8:98045019
SumGF	PARK7:RACGAP1 5 chr1:7985129 chr12:50001179
SumGF	CLIP3:KHDRBS3 5 chr19:36019383 chr8:135645056
SumGF	DDTL:RPLP1 5 chr22:23971477 chr15:69452973
SumGF	RPS15A:RPL23A 5 chr16:18788098 chr17:28722778
SumGF	TRIM26:IGKV1D-39 5 chr6:30184653 chr2:89862914
SumGF	RPL27A:MT-CO2 4 chr11:8684892 chrM:7971
SumGF	YIF1A:RPS27 4 chr11:66284689 chr1:153991606
SumGF	HNRNPA2B1:ARL2 4 chr7:26200595 chr11:65022013
SumGF	RPL11:APOL6 4 chr1:23695885 chr22:35661251
SumGF	GAPDH:ZNF598 4 chr12:6536715 chr16:1997819
SumGF	NDC1:ALCAM 4 chr1:53765495 chr3:105576619
SumGF	RPS25:MT-CO3 4 chr11:119017435 chrM:9565
SumGF	RPS25:MT-ATP6 4 chr11:119017969 chrM:8915
SumGF	RPS11:EIF1 4 chr19:49497293 chr17:41691227
SumGF	MT-ND1:RPL17 4 chrM:3953 chr18:49490791
SumGF	TUFM:MT-CYB 4 chr16:28845369 chrM:15647
SumGF	AAMDC:WDTC1 4 chr11:77872229 chr1:27308086
SumGF	PSMD14:ATP5PF 4 chr2:161411492 chr21:25729635
SumGF	SNW1:SMDT1 4 chr14:77751317 chr22:42083116
SumGF	MT-ND4:MT-ND4L 4 chrM:12043 chrM:10468
SumGF	UQCRB:H2BC4 4 chr8:96231082 chr6:26123701
SumGF	ECHS1:RPL37A 4 chr10:133362592 chr2:216501436
SumGF	NDUFB9:MEMO1 4 chr8:124549760 chr2:31943299
SumGF	HOOK2:JCHAIN 4 chr19:12763126 chr4:70655660
SumGF	ENY2:RPL17-C18orf32 4 chr8:109336126 chr18:49490812
SumGF	PABPC1:TMA7 4 chr8:100703152 chr3:48444035
SumGF	CREM:RPL22 4 chr10:35212181 chr1:6192926
SumGF	RARS2:EIF3M 4 chr6:87515023 chr11:32583928
SumGF	ADAT1:ZBTB38 4 chr16:75620700 chr3:141394285
SumGF	RPL7L1:ZNHIT3 4 chr6:42886874 chr17:36497708
SumGF	TBC1D7:TRMT112 4 chr6:13305087 chr11:64316861
SumGF	DDX46:CCT5 4 chr5:134826945 chr5:10250444
SumGF	MZT2A:RPS29 4 chr2:131484098 chr14:49586029
SumGF	EXOSC1:RPL37A 4 chr10:97445786 chr2:216499981
SumGF	CELF1:IGKV1D-39 4 chr11:47466191 chr2:89862725
SumGF	SCD:IGHM 4 chr10:100347427 chr14:105854422
SumGF	ST14:PTMA 4 chr11:130210194 chr2:231708689
SumGF	RPL19:RPS14 4 chr17:39204524 chr5:150446867
SumGF	VARS1:RPS18 4 chr6:31778982 chr6:33275991
SumGF	VEGFA:MT-ND2 4 chr6:43770497 chrM:5367
SumGF	RPS15A:RPL30 4 chr16:18784824 chr8:98042738
SumGF	RPL31:ATP5IF1 4 chr2:101006374 chr1:28237845
SumGF	PPP1R2:NACA 4 chr3:195543149 chr12:56712544
SumGF	RPS6:RPS23 4 chr9:19376386 chr5:82276135
SumGF	VDAC3:RPS27A 4 chr8:42405653 chr2:55234166
SumGF	GALE:VDAC2 4 chr1:23795794 chr10:75211158
SumGF	RAPGEF6:HINT1 4 chr5:131603270 chr5:131162690
SumGF	SPCS1:RPS29 4 chr3:52708057 chr14:49585965
SumGF	MRPL21:MT-ND1 4 chr11:68896546 chrM:4088
SumGF	FXR1:B2M 4 chr3:180933385 chr15:44717819
SumGF	CORO7-PAM16:RPS3 4 chr16:4340394 chr11:75400753
SumGF	RPS5:RPS3 4 chr19:58394679 chr11:75400807
SumGF	DCAF8:EEF2 4 chr1:160240320 chr19:3976305
SumGF	EIF3I:TES 4 chr1:32224480 chr7:116258335
SumGF	RPS10:UBE2E2 4 chr6:34425103 chr3:23590398
SumGF	PRDX1:JCHAIN 4 chr1:45518973 chr4:70666514
SumGF	RPS20:RPL4 4 chr8:56073744 chr15:66503393
SumGF	INHBE:TMEM50B 4 chr12:57457747 chr21:33468885
SumGF	YWHAE:UQCRC2 3 chr17:1364926 chr16:21983219
SumGF	KNSTRN:IAH1 3 chr15:40383246 chr2:9478341
SumGF	SYNCRIP:EIF4EBP3 3 chr6:85612755 chr5:140547840
SumGF	TXNL1:TYMS 3 chr18:56603057 chr18:662321
SumGF	MRPS12:H2BC18 3 chr19:38932893 chr1:149811903
SumGF	SPAG7:RPL17 3 chr17:4959332 chr18:49490836
SumGF	FUOM:RPS14 3 chr10:133355330 chr5:150445652
SumGF	NDUFA1:RPL23A 3 chrX:119873336 chr17:28722897
SumGF	SPCS3:NME6 3 chr4:176331838 chr3:48295105
SumGF	TXNL1:RPS8 3 chr18:56603045 chr1:44778042
SumGF	CDKN2D:CEP83 3 chr19:10566654 chr12:94412544
SumGF	PARP2:MT-CO3 3 chr14:20350545 chrM:9840
SumGF	CAPNS1:CDC42SE1 3 chr19:36150119 chr1:151055819
SumGF	COX6B1:RPS9 3 chr19:35658618 chr19:54207454
SumGF	COX6B1:SSR4 3 chr19:35658592 chrX:153797500
SumGF	MRPL39:SMIM30 3 chr21:25606594 chr7:113116871
SumGF	ELOC:MT-ND6 3 chr8:73959775 chrM:14289
SumGF	DNAJC8:EEF1G 3 chr1:28200678 chr11:62572643
SumGF	COX7C:COX6C 3 chr5:86619350 chr8:99887535
SumGF	EIF3H:HSP90B1 3 chr8:116655876 chr12:103947711
SumGF	MZT2B:RPL36AL 3 chr2:130190590 chr14:49618808
SumGF	PIN1:RPL7 3 chr19:9849566 chr8:73291783
SumGF	RPL34:GINS3 3 chr4:108625127 chr16:58392396
SumGF	EEF1A1:AZGP1 3 chr6:73517901 chr7:99966879
SumGF	C11orf58:EEF1A1 3 chr11:16748127 chr6:73517665
SumGF	GSTP1:OTUB1 3 chr11:67585241 chr11:63998133
SumGF	PXN:FKBP11 3 chr12:120210710 chr12:48925326
SumGF	RPS5:RPL32 3 chr19:58394684 chr3:12836186
SumGF	MANBA:METAP1 3 chr4:102753997 chr4:98995866
SumGF	FUS:CALR 3 chr16:31191073 chr19:12939606
SumGF	FXYD5:BRIX1 3 chr19:35169760 chr5:34915897
SumGF	MDFIC:NAP1L1 3 chr7:114942318 chr12:76050555
SumGF	ACTR1A:SHC1 3 chr10:102479433 chr1:154969407
SumGF	PGK1:RPL32 3 chrX:78125956 chr3:12836180
SumGF	CATSPERG:MAP4K1 3 chr19:38337646 chr19:38587818
SumGF	PHF14:H2BC4 3 chr7:11169415 chr6:26123520
SumGF	ARMH4:ACTMAP 3 chr14:58273977 chr19:40741193
SumGF	PHF14:UMAD1 3 chr7:11169413 chr7:7673453
SumGF	OAZ1:METAP2 3 chr19:2273172 chr12:95494168
SumGF	ANP32A:CIZ1 3 chr15:68784466 chr9:128166283
SumGF	SKIC8:REXO4 3 chr15:78293239 chr9:133406281
SumGF	RPS2:SHKBP1 3 chr16:1963220 chr19:40577276
SumGF	MAP4K1:ANKS3 3 chr19:38587815 chr16:4729980
SumGF	TCF19:FAM111A 3 chr6:31158923 chr11:59154698
SumGF	GDPD3:ZNF771 3 chr16:30105010 chr16:30408195
SumGF	H3-3B:SOD1 3 chr17:75778358 chr21:31667337
SumGF	TRIP4:RAB11A 3 chr15:64445003 chr15:65869624
SumGF	UTP3:KRTCAP2 3 chr4:70689111 chr1:155169844
SumGF	RPS3A:EEF2 3 chr4:151102963 chr19:3976169
SumGF	RPS16:RPL27 3 chr19:39433314 chr17:43002751
SumGF	RPL36:HNRNPK 3 chr19:5691454 chr9:83969035
SumGF	SKP2:YIPF5 3 chr5:36183525 chr5:144165573
SumGF	NHP2:CCDC137 3 chr5:178153490 chr17:81673475
SumGF	HSP90AB1:MYL12A 3 chr6:44253741 chr18:3253334
SumGF	TRIM65:FAU 3 chr17:75889166 chr11:65120775
SumGF	NONO:TAGLN2 3 chrX:71290698 chr1:159918553
SumGF	NANS:DCTN2 3 chr9:98082936 chr12:57546052
SumGF	RPL10:MARS1 3 chrX:154398526 chr12:57516490
SumGF	CBX5:MT-CO1 3 chr12:54279926 chrM:6960
SumGF	RPL7:NDUFAF3 3 chr8:73292717 chr3:49023157
SumGF	DOHH:FASN 3 chr19:3492311 chr17:82078515
SumGF	VAT1:NDUFB5 3 chr17:43014737 chr3:179615039
SumGF	NOP53:CHID1 3 chr19:47756683 chr11:904742
SumGF	DHRS7:DONSON 3 chr14:60144896 chr21:33588546
SumGF	CCDC97:GPAT2 3 chr19:41316549 chr2:96024001
SumGF	PSMA3:SPICE1 3 chr14:58271894 chr3:113503209
SumGF	RPL28:FCF1 3 chr19:55388370 chr14:74736412
SumGF	PDCD5:MRPL11 3 chr19:32585859 chr11:66435971
SumGF	ATP5F1D:SEC11C 3 chr19:1244813 chr18:59158704
SumGF	TARS2:MT-CYB 3 chr1:150507107 chrM:15103
SumGF	RBM39:RPL14 3 chr20:35742019 chr3:40462052
SumGF	PRMT2:PCGF5 3 chr21:46644352 chr10:91227774
SumGF	PDIA6:MTA1 3 chr2:10802614 chr14:105470524
SumGF	NBEAL1:MT-CO2 3 chr2:203191065 chrM:7732
SumGF	RPL18:ESS2 3 chr19:48617792 chr22:19134102
SumGF	ATP5MK:SVIP 3 chr10:103389049 chr11:22827261
SumGF	MSH3:ZBTB38 3 chr5:80876598 chr3:141404030
SumGF	RPL4:RPS23 3 chr15:66499480 chr5:82276135
SumGF	TMEM167A:SKA2 3 chr5:83056788 chr17:59112289
SumGF	SPCS2:TSPAN33 3 chr11:74977100 chr7:129168427
SumGF	USP36:TAGLN2 3 chr17:78813804 chr1:159918482
SumGF	GEMIN8:EIF2S3 3 chrX:14020220 chrX:24077309
SumGF	NDUFA11:PARVB 3 chr19:5896530 chr22:44168811
SumGF	ZCCHC17:ZBTB8OS 3 chr1:31339049 chr1:32634071
SumGF	ZNF598:PJA1 3 chr16:1998139 chrX:69163044
SumGF	APAF1:H2AX 3 chr12:98733985 chr11:119094100
SumGF	SLC3A2:COMMD6 3 chr11:62881097 chr13:75537812
SumGF	SF3B5:RPS4X 3 chr6:144095010 chrX:72272709
SumGF	WDR18:DAP3 3 chr19:985973 chr1:155738154
SumGF	RPS9:HSF1 3 chr19:54201526 chr8:144314420
SumGF	CNN2:ZNF766 3 chr19:1038856 chr19:52290216
SumGF	JAGN1:PSAP 3 chr3:9893452 chr10:71834371
SumGF	COQ6:KIF15 3 chr14:73962966 chr3:44775437
SumGF	TMEM161A:STK24 3 chr19:19132687 chr13:98452776
SumGF	ALDH6A1:COX20 3 chr14:74058835 chr1:244835755
SumGF	RPL18:FAM185A 3 chr19:48616149 chr7:102749155
SumGF	COX7A2:FEN1 3 chr6:75241243 chr11:61797064
SumGF	TMEM30A:MT-ND6 3 chr6:75284448 chrM:14343
SumGF	MRPS14:COX7B 3 chr1:175014787 chrX:77905251
SumGF	NME1-NME2:COX6C 3 chr17:51169954 chr8:99887529
SumGF	IDS:ARPC2 3 chrX:149481640 chr2:218228796
SumGF	RPS20:UBA52 3 chr8:56074116 chr19:18575134
SumGF	MT-CO1:C11orf98 3 chrM:7187 chr11:62663276
SumGF	MT-ATP6:TAF15 3 chrM:9010 chr17:35844151
SumGF	TRIT1:MBNL1 3 chr1:39841308 chr3:152463249
SumGF	HLA-A:TMA7 3 chr6:29945640 chr3:48443870
SumGF	MSH6:IGKV1-39 3 chr2:47806803 chr2:89319683
SumGF	HSPE1:RPL12 3 chr2:197503206 chr9:127449644
SumGF	HLA-B:ENSG00000271793 3 chr6:31354021 chr6:85677431
SumGF	MRPS21:ZNF595 3 chr1:150308045 chr4:60151
SumGF	DNAJC11:TUBG1 3 chr1:6680998 chr17:42614622
SumGF	SHMT2:TMSB4X 3 chr12:57234568 chrX:12977105
SumGF	FBXL6:TAF15 3 chr8:144355640 chr17:35838445
SumGF	IPO13:CAPNS1 3 chr1:43947119 chr19:36150202
SumGF	APH1A:SNRPC 3 chr1:150265517 chr6:34770315
SumGF	H2BC12:PPIL3 3 chr6:27146408 chr2:200871127
SumGF	POMK:DDOST 3 chr8:43123075 chr1:20651899
SumGF	SRSF10:UBL5 3 chr1:23978712 chr19:9828594
SumGF	RO60:NABP2 3 chr1:193059588 chr12:56229639
SumGF	TLE1:RPL10A 3 chr9:81633705 chr6:35469440
SumGF	RPL24:MANEA 3 chr3:101686541 chr6:95605781
SumGF	DCBLD1:COMMD6 3 chr6:117549681 chr13:75526608
SumGF	NDUFB6:RNPS1 3 chr9:32571005 chr16:2253242
SumGF	RPL31:HAX1 3 chr2:101006029 chr1:154275753
SumGF	XRCC5:POU2AF1 3 chr2:216113085 chr11:111352372
SumGF	CBFA2T2:TPT1 3 chr20:33649710 chr13:45340049
SumGF	TUBA1B:RPS6 3 chr12:49129563 chr9:19376359
SumGF	TOPBP1:H2BC12 3 chr3:133600756 chr6:27146593
SumGF	MCM7:UBALD2 3 chr7:100099727 chr17:76271186
SumGF	RNF123:HINT1 3 chr3:49691507 chr5:131159604
SumGF	QSOX2:ZNF24 3 chr9:136207636 chr18:35333279
SumGF	TCF3:MRPL49 3 chr19:1609470 chr11:65127262
SumGF	LRPAP1:EEF1G 3 chr4:3512720 chr11:62572644
SumGF	RPL27A:YIF1A 3 chr11:8684053 chr11:66284691
SumGF	MYDGF:SEM1 3 chr19:4657950 chr7:96709693
SumGF	MYDGF:METTL17 3 chr19:4657647 chr14:20992138
SumGF	MX1:PAXBP1 3 chr21:41437063 chr21:32734033
SumGF	PABPC1:KDM5C 3 chr8:100721912 chrX:53192517
SumGF	RPL8:ATP5MK 3 chr8:144791344 chr10:103392226
SumGF	CPSF6:HNRNPA2B1 3 chr12:69258962 chr7:26200673
SumGF	RPL26:FABP5 3 chr17:8377664 chr8:81284611
SumGF	HSP90AA1:NOLC1 3 chr14:102083099 chr10:102163603
SumGF	PSMD9:ACTR10 3 chr12:121916408 chr14:58200284
SumGF	TPCN2:ARAP1 3 chr11:69088302 chr11:72722160
SumGF	TRA2A:PRMT6 3 chr7:23531830 chr1:107058890
SumGF	RPL24:ZNF3 2 chr3:101681090 chr7:100070172
SumGF	PDAP1:SELENOS 2 chr7:99404863 chr15:101277417
SumGF	PDAP1:PEF1 2 chr7:99404885 chr1:31630255
SumGF	SSR3:C9orf85 2 chr3:156540340 chr9:71972862
SumGF	SSR3:TUBA1B 2 chr3:156548910 chr12:49127981
SumGF	EIF4G2:CALR 2 chr11:10808809 chr19:12944191
SumGF	RPA3:ARHGEF2 2 chr7:7637910 chr1:155946974
SumGF	SCAP:ARHGDIA 2 chr3:47417208 chr17:81869849
SumGF	IL10RA:EIF3CL 2 chr11:117989507 chr16:28379865
SumGF	EIF3B:PUS1 2 chr7:2380538 chr12:131932300
SumGF	SF3B6:IGKV1-39 2 chr2:24067785 chr2:89319683
SumGF	ETFB:C12orf57 2 chr19:51350356 chr12:6944599
SumGF	RPS15:TUBA1C 2 chr19:1440485 chr12:49273149
SumGF	TMEM109:NDUFB6 2 chr11:60922021 chr9:32572956
SumGF	NDUFS7:SHROOM3 2 chr19:1391021 chr4:76783111
SumGF	RTN4:HNRNPH1 2 chr2:54972552 chr5:179623062
SumGF	NDUFS7:FADS2 2 chr19:1388880 chr11:61867160
SumGF	PRR4:SMIM10L1 2 chr12:10848408 chr12:11171421
SumGF	MADD:ITGB3BP 2 chr11:47273976 chr1:63440882
SumGF	NAA40:RPS10 2 chr11:63956970 chr6:34417456
SumGF	COPE:CRELD2 2 chr19:18903345 chr22:49927404
SumGF	PRR4:TAS2R14 2 chr12:10847136 chr12:11171421
SumGF	COPE:RPL37 2 chr19:18899622 chr5:40834193
SumGF	RPL18A:MRPL35 2 chr19:17861367 chr2:86213626
SumGF	NCL:HMGN2 2 chr2:231455268 chr1:26473503
SumGF	SELPLG:SRSF3 2 chr12:108624203 chr6:36601159
SumGF	TMEM97:UBAP2L 2 chr17:28319365 chr1:154259945
SumGF	TPI1:SSX1 2 chr12:6870683 chrX:48257837
SumGF	NOP2:PRELID1 2 chr12:6563122 chr5:177306812
SumGF	TTK:OST4 2 chr6:80042185 chr2:27070487
SumGF	COX7A2:GCC2 2 chr6:75237787 chr2:108507712
SumGF	SRSF3:PTTG1 2 chr6:36601754 chr5:160427798
SumGF	RPS12:ATXN10 2 chr6:132814590 chr22:45672019
SumGF	RAB5C:PHF19 2 chr17:42125106 chr9:120869652
SumGF	RPS12:LAMTOR5 2 chr6:132817017 chr1:110403923
SumGF	YWHAE:PAGE5 2 chr17:1361900 chrX:55222703
SumGF	CMAS:ERGIC3 2 chr12:22065538 chr20:35542184
SumGF	KPNB1:DAPK1 2 chr17:47683308 chr9:87640449
SumGF	C5orf15:NOC2L 2 chr5:133955625 chr1:957242
SumGF	GTPBP4:GTF2A2 2 chr10:992609 chr15:59642186
SumGF	NPM3:UBA52 2 chr10:101781428 chr19:18573374
SumGF	TXNDC15:SF3B6 2 chr5:134901361 chr2:24067830
SumGF	SFXN3:C9orf85 2 chr10:101040868 chr9:71972850
SumGF	RAPGEF1:SND1 2 chr9:131577151 chr7:127652327
SumGF	CREB3:SCRN2 2 chr9:35736445 chr17:47840264
SumGF	STC2:SUPT5H 2 chr5:173317444 chr19:39445934
SumGF	CEP72:NDUFS6 2 chr5:612445 chr5:1814337
SumGF	BCHE:ENSG00000266086 2 chr3:165837312 chr17:57989796
SumGF	TSPAN13:ITGA4 2 chr7:16783917 chr2:181485885
SumGF	MTCH2:MAPK1IP1L 2 chr11:47625741 chr14:55051802
SumGF	SUB1:PSMB2 2 chr5:32586483 chr1:35636393
SumGF	DCPS:PGAM1 2 chr11:126304163 chr10:97432760
SumGF	LMNB1:SHMT2 2 chr5:126777343 chr12:57233870
SumGF	RHOA:TAF1D 2 chr3:49411818 chr11:93732286
SumGF	HYAL2:NACC1 2 chr3:50317944 chr19:13139083
SumGF	IFI35:NUP210 2 chr17:43006894 chr3:13316375
SumGF	OTUD5:SRPRA 2 chrX:48922912 chr11:126268686
SumGF	OTUD5:ACTG1 2 chrX:48922912 chr17:81511891
SumGF	NUCKS1:UQCR11 2 chr1:205717506 chr19:1598049
SumGF	CDC42:PRDX1 2 chr1:22086760 chr1:45511176
SumGF	NUCB2:PDCD5 2 chr11:17295413 chr19:32581291
SumGF	TP53BP1:TBP 2 chr15:43404724 chr6:170572300
SumGF	TMEM161A:DHX37 2 chr19:19132680 chr12:124946959
SumGF	TAF11:SNRPC 2 chr6:34887786 chr6:34773443
SumGF	NDUFB4:ZNF330 2 chr3:120602215 chr4:141222531
SumGF	NDUFB4:TXNDC5 2 chr3:120601210 chr6:7881827
SumGF	MTHFD2:QNG1 2 chr2:74205798 chr9:83938786
SumGF	HAGH:P2RY8 2 chr16:1809835 chrY:1536919
SumGF	SNRPA:DNM2 2 chr19:40751458 chr19:10832720
SumGF	ARAF:PPP1R26 2 chrX:47569934 chr9:135484014
SumGF	SDF4:MFSD12 2 chr1:1231882 chr19:3544918
SumGF	PAFAH1B3:FUS 2 chr19:42297364 chr16:31182664
SumGF	RIF1:SOD1 2 chr2:151414919 chr21:31666446
SumGF	HSP90AA1:MESD 2 chr14:102081185 chr15:80979328
SumGF	NDC80:MSL1 2 chr18:2573085 chr17:40129562
SumGF	ZNF506:TERF1 2 chr19:19807032 chr8:73046251
SumGF	LYRM2:RRM2 2 chr6:89637255 chr2:10130853
SumGF	DNM2:L3MBTL2 2 chr19:10831778 chr22:41209793
SumGF	BUD23:RCC1 2 chr7:73698018 chr1:28509402
SumGF	BUD23:LRRC75A 2 chr7:73698090 chr17:16441745
SumGF	SEL1L:SFXN4 2 chr14:81471716 chr10:119165332
SumGF	DNAJC10:CYCS 2 chr2:182716437 chr7:25123255
SumGF	ENO1:RPL36A 2 chr1:8861125 chrX:101391551
SumGF	ACTR6:RPLP0 2 chr12:100205744 chr12:120197464
SumGF	ICAM3:SEC11A 2 chr19:10333880 chr15:84669738
SumGF	XAB2:TMSB4X 2 chr19:7619857 chrX:12976789
SumGF	PTBP1:COX8A 2 chr19:804392 chr11:63974712
SumGF	LDAF1:ZNF669 2 chr16:21180505 chr1:247101740
SumGF	PSMC4:DERL1 2 chr19:39972480 chr8:123014149
SumGF	TACC3:TCEAL1 2 chr4:1745034 chrX:103629963
SumGF	SLC30A9:RPL9 2 chr4:41990762 chr4:39454944
SumGF	NUDCD3:OGT 2 chr7:44383792 chrX:71536235
SumGF	NCDN:SYTL1 2 chr1:35560531 chr1:27353781
SumGF	ERP44:OSTC 2 chr9:99982292 chr4:108667736
SumGF	SLAMF7:PTGES3 2 chr1:160754261 chr12:56688051
SumGF	TFB1M:PSMB6 2 chr6:155257825 chr17:4796760
SumGF	GRN:NT5DC2 2 chr17:44349235 chr3:52527649
SumGF	NCDN:TBC1D13 2 chr1:35566665 chr9:128808386
SumGF	CYP51A1:STOML2 2 chr7:92112324 chr9:35102757
SumGF	CASP10:DEGS1 2 chr2:201229155 chr1:224193043
SumGF	CFLAR:RAB3GAP1 2 chr2:201164278 chr2:135061003
SumGF	RBM5:IDI1 2 chr3:50118830 chr10:1041388
SumGF	BTBD7:ADGRL1 2 chr14:93332943 chr19:14147963
SumGF	PSMB1:SPTLC1 2 chr6:170549113 chr9:92108739
SumGF	CDK11A:SEPHS1 2 chr1:1721594 chr10:13319358
SumGF	MED24:SLC1A5 2 chr17:40036127 chr19:46775415
SumGF	CSDE1:GABARAP 2 chr1:114749915 chr17:7240672
SumGF	ZNF207:RCC1 2 chr17:32369292 chr1:28508905
SumGF	IDS:SLC25A51 2 chrX:149479138 chr9:37880122
SumGF	AK2:TMEM35B 2 chr1:33021365 chr1:34982120
SumGF	AKR7A2:CCT3 2 chr1:19304161 chr1:156320894
SumGF	THRAP3:BSG 2 chr1:36286794 chr19:582864
SumGF	ARID4B:NBN 2 chr1:235136074 chr8:89984524
SumGF	SZRD1:TAP2 2 chr1:16397802 chr6:32837962
SumGF	SEC61A1:ATP5ME 2 chr3:128052861 chr4:673331
SumGF	RANBP3:SPCS2 2 chr19:5916495 chr11:74949368
SumGF	RIOK2:SKP1 2 chr5:97163117 chr5:134173964
SumGF	SNRNP40:ZNF33A 2 chr1:31296607 chr10:38016869
SumGF	POLD1:BCL2L12 2 chr19:50417208 chr19:49665614
SumGF	SEC61A1:KRT10 2 chr3:128052860 chr17:40818838
SumGF	TMSB10:ZSCAN18 2 chr2:84906465 chr19:58084023
SumGF	MTREX:FAM204A 2 chr5:55308155 chr10:118300766
SumGF	HSPA5:SKP1 2 chr9:125236349 chr5:134157485
SumGF	HSPA5:TMX1 2 chr9:125236396 chr14:51243925
SumGF	YTHDC2:UQCR11 2 chr5:113594010 chr19:1598113
SumGF	PSMB5:VPS35L 2 chr14:23033412 chr16:19569548
SumGF	NDRG3:UTP23 2 chr20:36652169 chr8:116773238
SumGF	PSMA7:C1D 2 chr20:62137363 chr2:68042484
SumGF	SLC17A9:PPP1R16A 2 chr20:62968229 chr8:144478129
SumGF	HM13:BCAP31 2 chr20:31514732 chrX:153700883
SumGF	TTI1:EIF5B 2 chr20:37983505 chr2:99337570
SumGF	POLA1:NDUFV2 2 chrX:24699549 chr18:9126830
SumGF	CD99L2:ATP5PD 2 chrX:150766464 chr17:75038902
SumGF	RBM3:KIAA1328 2 chrX:48577978 chr18:36885607
SumGF	ADISSP:DYNLL2 2 chr20:3753642 chr17:58090876
SumGF	EIF3L:BTF3 2 chr22:37851392 chr5:73504367
SumGF	SNU13:HNRNPD 2 chr22:41675109 chr4:82373739
SumGF	RTCB:IGHA1 2 chr22:32408771 chr14:105707361
SumGF	RPL3:SERP1 2 chr22:39315538 chr3:150546359
SumGF	EIF3D:VPS29 2 chr22:36510970 chr12:110492045
SumGF	KIAA0930:HNRNPA0 2 chr22:45196992 chr5:137754214
SumGF	ST13:MTFMT 2 chr22:40826560 chr15:65003124
SumGF	TIMM9:UQCRC2 2 chr14:58409082 chr16:21983221
SumGF	AHSA1:CISD2 2 chr14:77469252 chr4:102885277
SumGF	SYNGR1:ROMO1 2 chr22:39376161 chr20:35699713
SumGF	OAZ1:NDUFS6 2 chr19:2269655 chr5:1801525
SumGF	STX10:EIF4A2 2 chr19:13144239 chr3:186789496
SumGF	TBC1D17:SLC3A2 2 chr19:49888542 chr11:62881079
SumGF	PLD3:MZB1 2 chr19:40378303 chr5:139387743
SumGF	SLC1A5:DMKN 2 chr19:46775666 chr19:35509925
SumGF	HMOX2:ODC1 2 chr16:4496266 chr2:10440667
SumGF	QPRT:TUBB 2 chr16:29698082 chr6:30723015
SumGF	DTWD1:TONSL 2 chr15:49625296 chr8:144428977
SumGF	EMC2:RPL36AL 2 chr8:108486774 chr14:49618841
SumGF	UBR5:RPS27A 2 chr8:102254010 chr2:55235594
SumGF	EEF1D:RAD23A 2 chr8:143581295 chr19:12953349
SumGF	NFKBIB:FTH1 2 chr19:38908702 chr11:61967504
SumGF	SNRNP70:ARIH1 2 chr19:49108326 chr15:72474715
SumGF	CLPTM1:IFITM1 2 chr19:44962017 chr11:314114
SumGF	RNASEH2A:TJAP1 2 chr19:12807078 chr6:43506132
SumGF	SF3A2:MPZL1 2 chr19:2248515 chr1:167787943
SumGF	METTL2A:GPI 2 chr17:62449420 chr19:34402067
SumGF	DDX18:PPP6R3 2 chr2:117814818 chr11:68615194
SumGF	COQ9:SYNGR2 2 chr16:57451179 chr17:78172440
SumGF	CRLS1:ATP5PB 2 chr20:6037128 chr1:111456699
SumGF	KIZ:PGGT1B 2 chr20:21214532 chr5:115262706
SumGF	SF3A1:MTMR3 2 chr22:30346309 chr22:30018730
SumGF	PEBP1:PYCR1 2 chr12:118139484 chr17:81932606
SumGF	ERP29:HCFC1R1 2 chr12:112013536 chr16:3024134
SumGF	APLP2:ENSG00000124593 2 chr11:130144608 chr6:41789790
SumGF	CHERP:CHMP4A 2 chr19:16541961 chr14:24209923
SumGF	GNAS:MRPL52 2 chr20:58911040 chr14:22833447
SumGF	NOP14:RNASEK 2 chr4:2953636 chr17:7014178
SumGF	RTRAF:MFSD6 2 chr14:51998533 chr2:190501964
SumGF	MYL6:SPN 2 chr12:56160320 chr16:29670731
SumGF	ABL1:MRPL55 2 chr9:130887540 chr1:228107780
SumGF	PSMD8:TMEM258 2 chr19:38383262 chr11:61789862
SumGF	POLR2E:UBE2H 2 chr19:1088618 chr7:129952858
SumGF	MKNK2:RPS3A 2 chr19:2037644 chr4:151101135
SumGF	SNAP29:PTMA 2 chr22:20890848 chr2:231708691
SumGF	ATP5F1D:TMED9 2 chr19:1244633 chr5:177592398
SumGF	FXYD5:PRELID1 2 chr19:35157500 chr5:177306694
SumGF	HNRNPC:KCTD20 2 chr14:21234068 chr6:36490818
SumGF	PAGE5:DRG1 2 chrX:55221802 chr22:31433962
SumGF	SON:UBE2L3 2 chr21:33546227 chr22:21623907
SumGF	UBE2Z:EHMT2 2 chr17:48908523 chr6:31880129
SumGF	GPBP1L1:U2AF1 2 chr1:45686991 chr21:43093179
SumGF	DBI:PTDSS1 2 chr2:119368288 chr8:96334399
SumGF	ADK:CMC1 2 chr10:74200837 chr3:28316332
SumGF	PTDSS1:RPS17 2 chr8:96334343 chr15:82540006
SumGF	FXN:TUG1 2 chr9:69035897 chr22:30969406
SumGF	CSTB:H4C1 2 chr21:43774120 chr6:26021759
SumGF	GHITM:SMN2 2 chr10:84153018 chr5:70067133
SumGF	SMCO4:ZNF544 2 chr11:93478650 chr19:58246343
SumGF	TAF10:PPIA 2 chr11:6611447 chr7:44796792
SumGF	LRRC14:QTRT1 2 chr8:144524968 chr19:10707373
SumGF	WDR90:ZNF595 2 chr16:654717 chr4:67851
SumGF	RPL29:HMGN2 2 chr3:51995075 chr1:26474627
SumGF	SYVN1:LSM3 2 chr11:65127423 chr3:14198201
SumGF	RPN1:LAIR1 2 chr3:128620380 chr19:54356352
SumGF	BOLA3:MRPL52 2 chr2:74145188 chr14:22834165
SumGF	ABRAXAS1:MT-ND5 2 chr4:83460966 chrM:12471
SumGF	MEAF6:SHARPIN 2 chr1:37513422 chr8:144098984
SumGF	RPL10:MZT2A 2 chrX:154400857 chr2:131484097
SumGF	GINS4:CD47 2 chr8:41530297 chr3:108047294
SumGF	NONO:LIN52 2 chrX:71300495 chr14:74200326
SumGF	HAX1:BMP6 2 chr1:154273560 chr6:7881618
SumGF	SDE2:MT-ND3 2 chr1:225988042 chrM:10290
SumGF	PARP1:STMP1 2 chr1:226361159 chr7:135674111
SumGF	RETREG2:SNRNP25 2 chr2:219182053 chr16:57374
SumGF	CPSF7:PCLAF 2 chr11:61402840 chr15:64376798
SumGF	LTO1:MRPL36 2 chr11:69671802 chr5:1798553
SumGF	TMEM218:INO80E 2 chr11:125097140 chr16:29996825
SumGF	ADAM8:MED7 2 chr10:133262611 chr5:157139348
SumGF	ATP5F1A:HAUS1 2 chr18:46095052 chr18:46124820
SumGF	HNRNPDL:LENG8 2 chr4:82424884 chr19:54452267
SumGF	HNRNPDL:P2RY8 2 chr4:82424884 chrX:1536919
SumGF	SRP19:HNRNPK 2 chr5:112867502 chr9:83978230
SumGF	HNRNPU:TOMM5 2 chr1:244840792 chr9:37588811
SumGF	SAP18:RPN1 2 chr13:21140910 chr3:128625596
SumGF	SIGMAR1:ACTG1 2 chr9:34634867 chr17:81510626
SumGF	STOM:FADS1 2 chr9:121354611 chr11:61801956
SumGF	INCENP:PHB2 2 chr11:62152200 chr12:6965586
SumGF	ASB6:NDUFA3 2 chr9:129635214 chr19:54106911
SumGF	CELF1:SOD2 2 chr11:47466109 chr6:159682523
SumGF	HYOU1:MIF 2 chr11:119057060 chr22:23894824
SumGF	MTA2:KCNK12 2 chr11:62601684 chr2:47520896
SumGF	BOLA2:H3C8 2 chr16:29454274 chr6:26270918
SumGF	SEPTIN9:NELFB 2 chr17:77488863 chr9:137273388
SumGF	ARHGAP30:VAMP2 2 chr1:161048966 chr17:8160754
SumGF	NPM1:SPOUT1 2 chr5:171407743 chr9:128828834
SumGF	NOP10:SEC22B 2 chr15:34342067 chr1:120157713
SumGF	MT-ND5:SMC5 2 chrM:13967 chr9:70264362
SumGF	PNRC2:TUBB 2 chr1:23963072 chr6:30722557
SumGF	PRDX2:ATF5 2 chr19:12796830 chr19:49933711
SumGF	FEN1:ARAP1 2 chr11:61797068 chr11:72722110
SumGF	NDUFS5:H3C8 2 chr1:39028879 chr6:26271032
SumGF	PPIB:NGRN 2 chr15:64160120 chr15:90271902
SumGF	SNRPD1:TP53RK 2 chr18:21623933 chr20:46686931
SumGF	COQ4:CD2BP2 2 chr9:128333663 chr16:30353772
SumGF	FLII:MRPL40 2 chr17:18244971 chr22:19432809
SumGF	PPID:ENSG00000286098 2 chr4:158709273 chr19:12001812
SumGF	RPS7:SELENOF 2 chr2:3577745 chr1:86903352
SumGF	QARS1:MRPS16 2 chr3:49104619 chr10:73250862
SumGF	VEGFB:JUN 2 chr11:64237589 chr1:58783896
SumGF	DPAGT1:MTA1 2 chr11:119101258 chr14:105470311
SumGF	MANEA:PIGP 2 chr6:95588879 chr21:37065680
SumGF	PPP1R14B:TTC32 2 chr11:64244694 chr2:19897961
SumGF	NDUFA1:SAT1 2 chrX:119871968 chrX:23783691
SumGF	SNRPD2:ALKBH6 2 chr19:45688511 chr19:36013035
SumGF	DDX39A:FPGS 2 chr19:14411576 chr9:127813381
SumGF	TRIR:ASS1 2 chr19:12730923 chr9:130454374
SumGF	TRIR:POU2F1 2 chr19:12730966 chr1:167372024
SumGF	USP9X:RPL10A 2 chrX:41233665 chr6:35469506
SumGF	USP45:MBD2 2 chr6:99508763 chr18:54164549
SumGF	PFDN5:DERL1 2 chr12:53297848 chr8:123024985
SumGF	SPCS3:ITM2C 2 chr4:176331951 chr2:230879077
SumGF	DAD1:SLC5A3 2 chr14:22575233 chr21:34073744
SumGF	SGO1:LPCAT1 2 chr3:20175017 chr5:1461617
SumGF	GNL3L:MICOS10 2 chrX:54562445 chr1:19626460
SumGF	LSM7:TMEM223 2 chr19:2324139 chr11:62790508
SumGF	ATXN10:BABAM2 2 chr22:45738755 chr2:27894606
SumGF	PRDX5:ADM2 2 chr11:64318379 chr22:50485136
SumGF	PRDX5:GATD1 2 chr11:64318317 chr11:773568
SumGF	RHOT1:VPS28 2 chr17:32225340 chr8:144426178
SumGF	NUP214:BSCL2 2 chr9:131127551 chr11:62691142
SumGF	SNRPN:TALDO1 2 chr15:24976972 chr11:755924
SumGF	PNKD:UTP3 2 chr2:218272910 chr4:70690002
SumGF	SEM1:CCT8 2 chr7:96694830 chr21:29056525
SumGF	RBM48:POC5 2 chr7:92537360 chr5:75702788
SumGF	PIN1:YIPF2 2 chr19:9838468 chr19:10922897
SumGF	ACADM:PTP4A2 2 chr1:75732922 chr1:31908807
SumGF	ATP6V0B:NOL12 2 chr1:43977022 chr22:37688891
SumGF	EBNA1BP2:PGLS 2 chr1:43166841 chr19:17521146
SumGF	HTRA2:ADAM15 2 chr2:74530309 chr1:155062466
SumGF	HDLBP:VPS4B 2 chr2:241229584 chr18:63389707
SumGF	HDLBP:RAB43 2 chr2:241229925 chr3:129121316
SumGF	KIAA2013:CPSF7 2 chr1:11919787 chr11:61421413
SumGF	EDEM3:GPR89A 2 chr1:184694456 chr1:145670100
SumGF	CAPZA1:RNPC3 2 chr1:112649470 chr1:103555033
SumGF	SFPQ:PSMB2 2 chr1:35177399 chr1:35641338
SumGF	MND1:VIRMA 2 chr4:153355681 chr8:94488814
SumGF	MTERF4:H1-4 2 chr2:241089371 chr6:26156521
SumGF	KLHL7:TRA2A 2 chr7:23123776 chr7:23531788
SumGF	CLCC1:CANX 2 chr1:108932030 chr5:179705722
SumGF	IRAG2:RAD21 2 chr12:25108148 chr8:116874608
SumGF	GTF3C3:NDUFA13 2 chr2:196766594 chr19:19526233
SumGF	SET:MRPS9 2 chr9:128695973 chr2:105049344
SumGF	PPP6C:PGD 2 chr9:125189668 chr1:10419851
SumGF	EIF2B2:NDUFA2 2 chr14:75003055 chr5:140645553
SumGF	HMGN3:PURB 2 chr6:79202374 chr7:44876543
SumGF	ADCY3:RPL13 2 chr2:24819477 chr16:89561049
SumGF	DBNL:SMC2 2 chr7:44062811 chr9:104140622
SumGF	MRPL47:CCT6A 2 chr3:179604524 chr7:56063832
SumGF	ARPC5L:DCAF13 2 chr9:124877231 chr8:103427152
SumGF	MYC:ATP5MC1 2 chr8:127741000 chr17:48894448
SumGF	TLN1:PPM1B 2 chr9:35697663 chr2:44169088
SumGF	RPL13A:UBE2G2 2 chr19:49490859 chr21:44769363
SumGF	HDGF:FIBP 2 chr1:156743821 chr11:65888074
SumGF	FASTKD1:LRIG2 2 chr2:169530700 chr1:113091383
SumGF	MYG1:PIGO 2 chr12:53307022 chr9:35088967
SumGF	SERF2:TOR3A 2 chr15:43793855 chr1:179095272
SumGF	RHOT2:GLI4 2 chr16:673918 chr8:143269672
SumGF	SS18:ZNF91 2 chr18:26016491 chr19:23359790
SumGF	ARHGDIA:ALDOA 2 chr17:81868231 chr16:30067259
SumGF	SAMD1:PPP1R11 2 chr19:14087969 chr6:30070180
SumGF	SLC39A3:GABRQ 2 chr19:2737123 chrX:152656971
SumGF	RPL27:RPS18 2 chr17:43002757 chr6:33275861
SumGF	NDUFA2:RPL13A 2 chr5:140645597 chr19:49491513
SumGF	UBE2D2:DNAJC18 2 chr5:139623365 chr5:139439400
SumGF	PDHA1:SYVN1 2 chrX:19353172 chr11:65127627
SumGF	SCLY:CHMP4A 2 chr2:238096799 chr14:24213407
SumGF	RAN:SKA1 2 chr12:130876031 chr18:50380146
SumGF	SEC61G:POLE3 2 chr7:54752359 chr9:113407355
SumGF	SEC61G:CHD3 2 chr7:54755778 chr17:7912087
SumGF	EIF2S3:DNAJC19 2 chrX:24071723 chr3:180986967
SumGF	UBE4B:BEX2 2 chr1:10180940 chrX:103309888
SumGF	UBA1:MFSD12 2 chrX:47214996 chr19:3539544
SumGF	MGAT1:DCUN1D5 2 chr5:180790697 chr11:103092058
SumGF	YARS1:NDUFB8 2 chr1:32810661 chr10:100523927
SumGF	TPGS2:YWHAG 2 chr18:36786950 chr7:76327832
SumGF	ERCC5:UBXN1 2 chr13:102875883 chr11:62678074
SumGF	C9orf40:HMGB1 2 chr9:74947840 chr13:30461055
SumGF	TES:C9orf78 2 chr7:116249057 chr9:129827903
SumGF	NAT10:TRAPPC4 2 chr11:34127599 chr11:119020148
SumGF	RFXAP:ATP5MC1 2 chr13:36828996 chr17:48894448
