ENSG00000005020::ENSG00000175283	SKAP2::DOLK	0	6	6	1;0;	PASS:GF	7:26864432-26864580;9:128945530-128945693;
ENSG00000050130::ENSG00000211814	JKAMP::TRAV35	1394.71	24.75	198	13;2;	PASS:GF	14:59484516-59484592;14:22222185-22222839;
ENSG00000099977::ENSG00000218537	DDT::MIF-AS1	38.3089	0.0208644	7	666;4;	PASS:RT	22:23974306-23974424;22:23895704-23896109;
ENSG00000099995::ENSG00000227117	SF3A1::HORMAD2-AS1	171.443	1.5	21	14;13;	PASS:GF	22:30346311-30346518;22:30008745-30009195;
ENSG00000100575::ENSG00000258658	TIMM9::	40.8197	0.013587	5	735;0;	PASS:RT	14:58410842-58410937;14:58369951-58370079;
ENSG00000100596::ENSG00000185475	SPTLC2::TMEM179B	68.4389	0.0689655	9	2;258;	PASS:GF	14:77512016-77512404;11:62787401-62787527;
ENSG00000101654::ENSG00000225616	RNMT::	42.2581	1.66667	5	5;0;	PASS:GF	18:13764289-13764555;1:28982521-28982646;
ENSG00000108298::ENSG00000231747	RPL19::	0	0.000166207	6	72198;0;	PASS:GF	17:39200316-39200348;2:112621764-112621880;
ENSG00000111424::ENSG00000156482	VDR::RPL30	17.2765	4.35962e-05	5	0;229377;	PASS:GF	12:47878966-47879114;8:98041720-98041849;
ENSG00000113387::ENSG00000150712	SUB1::MTMR12	33.2993	0.0017854	5	5600;0;	PASS:GF	5:32588509-32588583;5:32312756-32312889;
ENSG00000114021::ENSG00000137970	NIT2::RPL7P9	0	0.0290698	5	343;0;	PASS:GF	3:100334729-100334797;1:96678799-96678889;
ENSG00000118418::ENSG00000286042	HMGN3::LCAL1	42.914	0.0123508	15	2396;32;	PASS:RT	6:79201244-79201725;6:79312367-79312479;
ENSG00000118640::ENSG00000168899	VAMP8::VAMP5	44.2854	0.0044603	5	2030;211;	PASS:RT	2:85577584-85577648;2:85591724-85591861;
ENSG00000125691::ENSG00000275489	RPL23::C17orf98	22.4736	0.00016297	5	61360;0;	PASS:RT	17:38852603-38852731;17:38835097-38835345;
ENSG00000125844::ENSG00000214748	RRBP1::	0	0.833333	5	11;0;	PASS:GF	20:17682110-17682212;X:137324919-137325046;
ENSG00000126067::ENSG00000239636	PSMB2::TFAP2E-AS1	40.6659	0.00289575	6	4137;6;	PASS:RT	1:35605232-35605281;1:35569818-35569918;
ENSG00000126709::ENSG00000276168	IFI6::RN7SL1	36.3224	0.0863309	6	138;0;	PASS:GF	1:27666064-27666253;14:49586599-49586816;
ENSG00000126709::ENSG00000282885	IFI6::	82.8384	0.185714	13	138;1;	PASS:GF	1:27666065-27666253;14:49862611-49862785;
ENSG00000127837::ENSG00000163466	AAMP::ARPC2	20.9559	0.0179641	3	39;294;	PASS:RT	2:218269381-218269533;2:218249359-218249463;
ENSG00000131508::ENSG00000170476	UBE2D2::MZB1	18.6541	0.000966806	3	131;6074;	PASS:RT	5:139626752-139627691;5:139389678-139389912;
ENSG00000133706::ENSG00000165490	LARS1::DDIAS	57.1476	0.666667	7	19;1;	PASS:GF	5:146113108-146113261;11:82901731-82901821;
ENSG00000134001::ENSG00000223875	EIF2S1::NBEAP3	44.6395	0.5	8	31;0;	PASS:GF	14:67360353-67360455;22:15859106-15859175;
ENSG00000134001::ENSG00000285990	EIF2S1::NBEAP6	33.2993	0.3125	5	31;0;	PASS:GF	14:67360357-67360455;14:19244903-19244979;
ENSG00000134440::ENSG00000278703	NARS1::	14.3047	0.0884956	5	112;0;	PASS:GF	18:57620568-57620650;18:57588654-57588857;
ENSG00000135070::ENSG00000187753	ISCA1::C9orf153	0	0.0283688	4	281;0;	PASS:RT	9:86272006-86272111;9:86229537-86229628;
ENSG00000136149::ENSG00000168028	RPL13AP25::RPSA	0	0.000835073	5	0;11974;	PASS:GF	13:54440661-54440792;3:39406719-39406763;
ENSG00000136986::ENSG00000259631	DERL1::	46.2406	0.0457516	7	305;0;	PASS:RT	8:123022683-123022778;8:122977024-122977224;
ENSG00000137161::ENSG00000231113	CNPY3::	33.8065	0.195122	4	40;0;	PASS:RT	6:42929539-42929720;6:42943797-42943927;
ENSG00000139239::ENSG00000140319	RPL14P1::SRP14	97.6158	0.00910834	19	0;4171;	PASS:GF	12:62965302-62965772;15:40036040-40036406;
ENSG00000139239::ENSG00000211592	RPL14P1::IGKC	-0	0.00369344	6	0;3248;	PASS:GF	12:62965302-62965472;2:88857165-88857376;
ENSG00000141425::ENSG00000168461	RPRD1A::RAB31	61.9996	0.933333	7	6;8;	PASS:GF	18:36067252-36067473;18:9859225-9859616;
ENSG00000142207::ENSG00000157823	URB1::AP3S2	38.0216	0.833333	5	0;11;	PASS:GF	21:32314037-32314210;15:89889096-89889139;
ENSG00000143727::ENSG00000228643	ACP1::	41.4671	0.0133185	6	900;0;	PASS:GF	2:264956-265006;2:290677-290750;
ENSG00000147119::ENSG00000230844	CHST7::ZNF674-AS1	76.0646	18	9	0;0;	PASS:GF	X:46597759-46598200;X:46545514-46545626;
ENSG00000154589::ENSG00000253115	LY96::	35.3266	0.00172265	5	5804;0;	PASS:RT	8:73991391-73991553;8:74106666-74106864;
ENSG00000154589::ENSG00000254288	LY96::	20.7335	0.00103359	3	5804;0;	PASS:RT	8:73991395-73991553;8:74099418-74099856;
ENSG00000157978::ENSG00000225643	LDLRAP1::	44.2854	1.75	7	7;0;	PASS:GF	1:25549923-25550034;1:25590168-25590399;
ENSG00000158987::ENSG00000279370	RAPGEF6::	0	0.130952	11	167;0;	PASS:GF	5:131603270-131603326;5:131261320-131261850;
ENSG00000160862::ENSG00000176402	AZGP1::GJC3	47.4435	0.0391061	7	357;0;	PASS:RT	7:99971745-99972005;7:99923267-99923602;
ENSG00000160862::ENSG00000211592::ENSG00000211597::ENSG00000242371::ENSG00000253578	AZGP1::IGKC::IGKJ1::IGKV1-39::IGKV1-22	-0	0.00378884	3	357;3248;9;344;0;	PASS:RT	7:99966729-99966890;2:88857435-88857682;2:88861885-88861933;2:89319755-89319919;2:89170749-89170878;
ENSG00000163157::ENSG00000163159	TMOD4::VPS72	88.5709	0.172414	10	0;115;	PASS:GF	1:151169986-151170102;1:151184316-151184492;
ENSG00000164104::ENSG00000248774	HMGB2::	24.4918	0.011065	4	722;0;	PASS:RT	4:173332049-173332237;4:173326644-173326719;
ENSG00000164405::ENSG00000164406	UQCRQ::LEAP2	46.5509	0.000755246	7	18536;0;	PASS:RT	5:132866663-132866686;5:132873949-132874088;
ENSG00000165948::ENSG00000165949	IFI27L1::IFI27	26.5713	0.0162016	9	533;577;	PASS:RT	14:94081332-94081448;14:94114850-94114879;
ENSG00000167747::ENSG00000261341	C19orf48::	169.568	0.0727802	25	683;3;	PASS:RT	19:50802216-50802256;19:50785727-50785822;
ENSG00000168569::ENSG00000267811	TMEM223::	0	0.0306513	4	260;0;	PASS:RT	11:62772065-62772131;11:62771119-62771361;
ENSG00000171960::ENSG00000234917	PPIH::	0	0.00874636	3	685;0;	PASS:RT	1:42658422-42658511;1:42678725-42678800;
ENSG00000181218::ENSG00000189159	H2AW::JPT1	30.7452	0.015015	5	0;665;	PASS:GF	1:228457745-228457872;17:75135987-75136250;
ENSG00000185641::ENSG00000196531	::NACA	0	0.000891583	5	0;11215;	PASS:GF	5:116051838-116052174;12:56714392-56714438;
ENSG00000187621::ENSG00000258927	TCL6::	327.712	4.93333	37	2;12;	PASS:GF	14:95652096-95652225;14:95620932-95621032;
ENSG00000196262::ENSG00000254911	PPIA::SCARNA9	31.272	0.00129433	5	7725;0;	PASS:GF	7:44801311-44801632;11:93721542-93721809;
ENSG00000197713::ENSG00000272807	RPE::	0	0.125	5	79;0;	PASS:GF	2:210002642-210002782;2:210028433-210028689;
ENSG00000197744::ENSG00000283498	PTMAP2::MIR1244-2	0	24	12	0;0;	PASS:GF	5:118973661-118973917;5:118974488-118974819;
ENSG00000197794::ENSG00000211592::ENSG00000211597::ENSG00000239855	IGKV7-3::IGKC::IGKJ1::IGKV1-6	-0	0.0552317	45	0;3248;9;1;	PASS:RT	2:88915093-88915226;2:88857165-88857682;2:88861885-88861933;2:88966409-88966556;
ENSG00000197794::ENSG00000211592::ENSG00000211597::ENSG00000239855::ENSG00000253497	IGKV7-3::IGKC::IGKJ1::IGKV1-6::IGKV1-13	-0	0.00460264	3	0;3248;9;1;0;	PASS:RT	2:88915093-88915252;2:88857165-88857682;2:88861885-88861933;2:88966442-88966556;2:89046411-89046488;
ENSG00000197794::ENSG00000211592::ENSG00000211597::ENSG00000240382	IGKV7-3::IGKC::IGKJ1::IGKV1-17	-0	0.00491099	4	0;3248;9;0;	PASS:RT	2:88915102-88915239;2:88857177-88857682;2:88861885-88861933;2:89117505-89117636;
ENSG00000197794::ENSG00000211592::ENSG00000211597::ENSG00000240864	IGKV7-3::IGKC::IGKJ1::IGKV1-16	-0	0.00736648	6	0;3248;9;0;	PASS:RT	2:88915097-88915226;2:88857165-88857682;2:88861885-88861941;2:89100007-89100153;
ENSG00000197794::ENSG00000211592::ENSG00000211597::ENSG00000240864::ENSG00000253578	IGKV7-3::IGKC::IGKJ1::IGKV1-16::IGKV1-22	-0	0.00460405	3	0;3248;9;0;0;	PASS:RT	2:88915133-88915252;2:88857172-88857682;2:88861885-88861945;2:89100033-89100153;2:89171157-89171237;
ENSG00000197794::ENSG00000211592::ENSG00000211597::ENSG00000241755	IGKV7-3::IGKC::IGKJ1::IGKV1-9	-0	0.00982198	8	0;3248;9;0;	PASS:RT	2:88915102-88915226;2:88857165-88857682;2:88861885-88861933;2:89010129-89010276;
ENSG00000197794::ENSG00000211592::ENSG00000211597::ENSG00000242076::ENSG00000242371	IGKV7-3::IGKC::IGKJ1::IGKV1-33::IGKV1-39	-0	0.00694059	5	0;3248;9;0;344;	PASS:RT	2:88915093-88915226;2:88857176-88857682;2:88861885-88861935;2:89268148-89268295;2:89320044-89320121;
ENSG00000197794::ENSG00000211592::ENSG00000211597::ENSG00000242371	IGKV7-3::IGKC::IGKJ1::IGKV1-39	-0	0.137701	124	0;3248;9;344;	PASS:RT	2:88915093-88915226;2:88857165-88857682;2:88861885-88861933;2:89319772-89319919;
ENSG00000197794::ENSG00000211592::ENSG00000211597::ENSG00000243466	IGKV7-3::IGKC::IGKJ1::IGKV1-5	-0	0.0122775	10	0;3248;9;0;	PASS:RT	2:88915097-88915226;2:88857165-88857682;2:88861885-88861934;2:88947448-88947595;
ENSG00000197794::ENSG00000211592::ENSG00000239855	IGKV7-3::IGKC::IGKV1-6	-0	0.00369231	4	0;3248;1;	PASS:RT	2:88915064-88915250;2:88857168-88857682;2:88966442-88966556;
ENSG00000197794::ENSG00000211592::ENSG00000239855::ENSG00000253497	IGKV7-3::IGKC::IGKV1-6::IGKV1-13	-0	0.00369231	3	0;3248;1;0;	PASS:RT	2:88915102-88915249;2:88857171-88857706;2:88966442-88966556;2:89046411-89046477;
ENSG00000197794::ENSG00000211592::ENSG00000242371	IGKV7-3::IGKC::IGKV1-39	-0	0.0175341	21	0;3248;344;	PASS:RT	2:88915073-88915226;2:88857165-88857682;2:89319772-89319919;
ENSG00000197794::ENSG00000211592::ENSG00000243466	IGKV7-3::IGKC::IGKV1-5	-0	0.00369344	4	0;3248;0;	PASS:RT	2:88915102-88915226;2:88857170-88857703;2:88947448-88947595;
ENSG00000204623::ENSG00000224312	ZNRD1ASP::MCCD1P2	0	0.666667	5	14;0;	PASS:GF	6:30058114-30058189;6:29995212-29995294;
ENSG00000206195::ENSG00000223875	DUXAP8::NBEAP3	0	2.30303	38	32;0;	PASS:GF	22:15784965-15785056;22:15852989-15853351;
ENSG00000211592::ENSG00000211593	IGKC::IGKJ5	-0	0.0283164	46	3248;0;	PASS:RT	2:88857165-88857682;2:88860567-88860747;
ENSG00000211592::ENSG00000211593::ENSG00000239855	IGKC::IGKJ5::IGKV1-6	-0	0.00276923	3	3248;0;1;	PASS:RT	2:88857461-88857682;2:88860567-88860623;2:88966284-88966556;
ENSG00000211592::ENSG00000211594	IGKC::IGKJ4	-0	0.0307314	50	3248;5;	PASS:RT	2:88857165-88857682;2:88860885-88860960;
ENSG00000211592::ENSG00000211594::ENSG00000211611::ENSG00000242371	IGKC::IGKJ4::IGKV6-21::IGKV1-39	-0	0.00333519	3	3248;5;0;344;	PASS:RT	2:88857165-88857682;2:88860885-88860941;2:89159765-89159846;2:89319726-89319919;
ENSG00000211592::ENSG00000211594::ENSG00000211611::ENSG00000253578	IGKC::IGKJ4::IGKV6-21::IGKV1-22	-0	0.00368777	3	3248;5;0;0;	PASS:RT	2:88857165-88857682;2:88860885-88860941;2:89159765-89159865;2:89171211-89171237;
ENSG00000211592::ENSG00000211594::ENSG00000239855	IGKC::IGKJ4::IGKV1-6	-0	0.193548	210	3248;5;1;	PASS:RT	2:88857168-88857682;2:88860885-88860925;2:88966263-88966556;
ENSG00000211592::ENSG00000211594::ENSG00000239855::ENSG00000240671	IGKC::IGKJ4::IGKV1-6::IGKV1-8	-0	0.00491551	4	3248;5;1;0;	PASS:RT	2:88857169-88857682;2:88860887-88860941;2:88966284-88966556;2:88992829-88992900;
ENSG00000211592::ENSG00000211594::ENSG00000239855::ENSG00000241755	IGKC::IGKJ4::IGKV1-6::IGKV1-9	-0	0.0368664	30	3248;5;1;0;	PASS:RT	2:88857165-88857682;2:88860885-88860916;2:88966255-88966556;2:89010402-89010479;
ENSG00000211592::ENSG00000211594::ENSG00000240864	IGKC::IGKJ4::IGKV1-16	-0	0.00553165	6	3248;5;0;	PASS:RT	2:88857168-88857682;2:88860885-88860941;2:89099874-89100154;
ENSG00000211592::ENSG00000211594::ENSG00000240864::ENSG00000242371	IGKC::IGKJ4::IGKV1-16::IGKV1-39	-0	0.012229	11	3248;5;0;344;	PASS:RT	2:88857167-88857682;2:88860885-88860941;2:89099874-89100153;2:89320044-89320124;
ENSG00000211592::ENSG00000211594::ENSG00000240864::ENSG00000243290	IGKC::IGKJ4::IGKV1-16::IGKV1-12	-0	0.00368777	3	3248;5;0;0;	PASS:RT	2:88857168-88857399;2:88860885-88860935;2:89100279-89100348;2:89040238-89040518;
ENSG00000211592::ENSG00000211594::ENSG00000240864::ENSG00000253497	IGKC::IGKJ4::IGKV1-16::IGKV1-13	-0	0.00368777	3	3248;5;0;0;	PASS:RT	2:88857168-88857682;2:88860885-88860941;2:89100279-89100355;2:89046005-89046284;
ENSG00000211592::ENSG00000211594::ENSG00000241755	IGKC::IGKJ4::IGKV1-9	-0	0.0101414	11	3248;5;0;	PASS:RT	2:88857165-88857682;2:88860885-88860935;2:89009997-89010276;
ENSG00000211592::ENSG00000211594::ENSG00000242371	IGKC::IGKJ4::IGKV1-39	-0	0.0767093	92	3248;5;344;	PASS:RT	2:88857165-88857681;2:88860885-88860916;2:89319618-89319919;
ENSG00000211592::ENSG00000211594::ENSG00000242371::ENSG00000243238::ENSG00000243290	IGKC::IGKJ4::IGKV1-39::IGKV2-30::IGKV1-12	-0	0.0319622	23	3248;5;344;0;0;	PASS:RT	2:88857165-88857310;2:88860885-88860935;2:89319800-89319919;2:89244951-89244955;2:89040231-89040393;
ENSG00000211592::ENSG00000211594::ENSG00000242371::ENSG00000243290	IGKC::IGKJ4::IGKV1-39::IGKV1-12	-0	0.0111173	10	3248;5;344;0;	PASS:RT	2:88857165-88857682;2:88860885-88860938;2:89320044-89320121;2:89040238-89040518;
ENSG00000211592::ENSG00000211594::ENSG00000242371::ENSG00000244575	IGKC::IGKJ4::IGKV1-39::IGKV1-27	-0	0.00555864	5	3248;5;344;0;	PASS:RT	2:88857167-88857682;2:88860885-88860935;2:89320044-89320124;2:89213430-89213717;
ENSG00000211592::ENSG00000211594::ENSG00000242371::ENSG00000253497	IGKC::IGKJ4::IGKV1-39::IGKV1-13	-0	0.213452	192	3248;5;344;0;	PASS:GF	2:88857165-88857682;2:88860885-88860941;2:89319731-89319919;2:89046005-89046095;
ENSG00000211592::ENSG00000211594::ENSG00000242371::ENSG00000253578	IGKC::IGKJ4::IGKV1-39::IGKV1-22	-0	0.00555864	5	3248;5;344;0;	PASS:RT	2:88857174-88857682;2:88860885-88860934;2:89319755-89319919;2:89170752-89170878;
ENSG00000211592::ENSG00000211594::ENSG00000243290	IGKC::IGKJ4::IGKV1-12	-0	0.00368777	4	3248;5;0;	PASS:RT	2:88857168-88857682;2:88860885-88860941;2:89040238-89040518;
ENSG00000211592::ENSG00000211594::ENSG00000243466	IGKC::IGKJ4::IGKV1-5	-0	0.0230486	25	3248;5;0;	PASS:RT	2:88857165-88857682;2:88860885-88860941;2:88947316-88947421;
ENSG00000211592::ENSG00000211594::ENSG00000253497::ENSG00000253578	IGKC::IGKJ4::IGKV1-13::IGKV1-22	-0	0.00860479	7	3248;5;0;0;	PASS:RT	2:88857165-88857682;2:88860885-88860941;2:89046005-89046106;2:89171201-89171237;
ENSG00000211592::ENSG00000211595	IGKC::IGKJ3	-0	0.0196984	32	3248;0;	PASS:RT	2:88857165-88857682;2:88861220-88861345;
ENSG00000211592::ENSG00000211597	IGKC::IGKJ1	-0	0.418048	681	3248;9;	PASS:GF	2:88857165-88857682;2:88861885-88862082;
ENSG00000211592::ENSG00000211597::ENSG00000211611	IGKC::IGKJ1::IGKV6-21	-0	0.505525	549	3248;9;0;	PASS:GF	2:88857165-88857682;2:88861885-88861933;2:89159761-89159826;
ENSG00000211592::ENSG00000211597::ENSG00000211611::ENSG00000242371	IGKC::IGKJ1::IGKV6-21::IGKV1-39	-0	0.325375	293	3248;9;0;344;	PASS:GF	2:88857165-88857682;2:88861885-88861933;2:89159761-89159846;2:89319726-89319919;
ENSG00000211592::ENSG00000211597::ENSG00000211611::ENSG00000242371::ENSG00000243238	IGKC::IGKJ1::IGKV6-21::IGKV1-39::IGKV2-30	-0	0.00971682	7	3248;9;0;344;0;	PASS:RT	2:88857165-88857682;2:88861885-88861933;2:89159761-89159852;2:89319800-89319919;2:89244931-89244955;
ENSG00000211592::ENSG00000211597::ENSG00000211611::ENSG00000242371::ENSG00000244575	IGKC::IGKJ1::IGKV6-21::IGKV1-39::IGKV1-27	-0	0.0111049	8	3248;9;0;344;0;	PASS:RT	2:88857165-88857682;2:88861885-88861933;2:89159761-89159804;2:89320044-89320122;2:89213653-89213717;
ENSG00000211592::ENSG00000211597::ENSG00000211611::ENSG00000253578	IGKC::IGKJ1::IGKV6-21::IGKV1-22	-0	0.45795	373	3248;9;0;0;	PASS:GF	2:88857165-88857682;2:88861885-88861933;2:89159761-89159846;2:89171204-89171237;
ENSG00000211592::ENSG00000211597::ENSG00000239855	IGKC::IGKJ1::IGKV1-6	-0	60.5256	65751	3248;9;1;	PASS:GF	2:88857165-88857682;2:88861885-88861922;2:88966260-88966556;
ENSG00000211592::ENSG00000211597::ENSG00000239855::ENSG00000239951::ENSG00000242371	IGKC::IGKJ1::IGKV1-6::IGKV3-20::IGKV1-39	-0	0.0041632	3	3248;9;1;0;344;	PASS:RT	2:88857351-88857682;2:88861885-88861922;2:88966260-88966556;2:89143059-89143069;2:89320055-89320127;
ENSG00000211592::ENSG00000211597::ENSG00000239855::ENSG00000240671	IGKC::IGKJ1::IGKV1-6::IGKV1-8	-0	0.351028	286	3248;9;1;0;	PASS:GF	2:88857165-88857682;2:88861885-88861922;2:88966260-88966556;2:88992829-88992884;
ENSG00000211592::ENSG00000211597::ENSG00000239855::ENSG00000240671::ENSG00000241755	IGKC::IGKJ1::IGKV1-6::IGKV1-8::IGKV1-9	-0	0.00460264	3	3248;9;1;0;0;	PASS:RT	2:88857168-88857682;2:88861885-88861948;2:88966284-88966527;2:88992676-88992703;2:89010402-89010491;
ENSG00000211592::ENSG00000211597::ENSG00000239855::ENSG00000240671::ENSG00000253578	IGKC::IGKJ1::IGKV1-6::IGKV1-8::IGKV1-22	-0	0.0644369	42	3248;9;1;0;0;	PASS:RT	2:88857165-88857682;2:88861885-88861922;2:88966260-88966556;2:88992829-88992850;2:89171179-89171234;
ENSG00000211592::ENSG00000211597::ENSG00000239855::ENSG00000241351	IGKC::IGKJ1::IGKV1-6::IGKV3-11	-0	0.00490948	4	3248;9;1;0;	PASS:RT	2:88857165-88857682;2:88861885-88861927;2:88966272-88966556;2:89027635-89027657;
ENSG00000211592::ENSG00000211597::ENSG00000239855::ENSG00000241755	IGKC::IGKJ1::IGKV1-6::IGKV1-9	-0	5.99325	4883	3248;9;1;0;	PASS:GF	2:88857165-88857682;2:88861885-88861922;2:88966260-88966556;2:89010402-89010479;
ENSG00000211592::ENSG00000211597::ENSG00000239855::ENSG00000241755::ENSG00000243063	IGKC::IGKJ1::IGKV1-6::IGKV1-9::IGKV3-7	-0	0.0383553	25	3248;9;1;0;0;	PASS:RT	2:88857165-88857682;2:88861885-88861922;2:88966260-88966556;2:89010413-89010477;2:88978935-88978945;
ENSG00000211592::ENSG00000211597::ENSG00000239855::ENSG00000241755::ENSG00000253578	IGKC::IGKJ1::IGKV1-6::IGKV1-9::IGKV1-22	-0	0.0199448	13	3248;9;1;0;0;	PASS:RT	2:88857165-88857682;2:88861885-88861922;2:88966260-88966556;2:89010402-89010432;2:89171188-89171237;
ENSG00000211592::ENSG00000211597::ENSG00000239855::ENSG00000242371	IGKC::IGKJ1::IGKV1-6::IGKV1-39	-0	0.2398	216	3248;9;1;344;	PASS:GF	2:88857165-88857682;2:88861885-88861922;2:88966260-88966556;2:89320044-89320121;
ENSG00000211592::ENSG00000211597::ENSG00000239855::ENSG00000242371::ENSG00000243238	IGKC::IGKJ1::IGKV1-6::IGKV1-39::IGKV2-30	-0	0.0235915	17	3248;9;1;344;0;	PASS:RT	2:88857165-88857682;2:88861885-88861922;2:88966260-88966431;2:89319800-89319919;2:89244951-89244955;
ENSG00000211592::ENSG00000211597::ENSG00000239855::ENSG00000242371::ENSG00000254157	IGKC::IGKJ1::IGKV1-6::IGKV1-39::IGKV2-18	-0	0.00832639	6	3248;9;1;344;0;	PASS:RT	2:88857165-88857682;2:88861885-88861922;2:88966260-88966351;2:89319722-89319919;2:89128797-89128802;
ENSG00000211592::ENSG00000211597::ENSG00000239855::ENSG00000243063	IGKC::IGKJ1::IGKV1-6::IGKV3-7	-0	0.245474	200	3248;9;1;0;	PASS:GF	2:88857165-88857682;2:88861885-88861922;2:88966260-88966556;2:88978935-88978956;
ENSG00000211592::ENSG00000211597::ENSG00000239855::ENSG00000243063::ENSG00000253578	IGKC::IGKJ1::IGKV1-6::IGKV3-7::IGKV1-22	-0	0.00613685	4	3248;9;1;0;0;	PASS:RT	2:88857166-88857682;2:88861885-88861935;2:88966320-88966556;2:88978935-88978947;2:89171169-89171236;
ENSG00000211592::ENSG00000211597::ENSG00000239855::ENSG00000244437::ENSG00000253578	IGKC::IGKJ1::IGKV1-6::IGKV3-15::IGKV1-22	-0	0.00460264	3	3248;9;1;0;0;	PASS:RT	2:88857165-88857682;2:88861885-88861922;2:88966260-88966556;2:89085641-89085651;2:89171168-89171234;
ENSG00000211592::ENSG00000211597::ENSG00000239855::ENSG00000244575	IGKC::IGKJ1::IGKV1-6::IGKV1-27	-0	0.00736422	6	3248;9;1;0;	PASS:RT	2:88857165-88857682;2:88861885-88861922;2:88966260-88966556;2:89213842-89213914;
ENSG00000211592::ENSG00000211597::ENSG00000239855::ENSG00000253278	IGKC::IGKJ1::IGKV1-6::IGKV2-10	-0	0.00368211	3	3248;9;1;0;	PASS:RT	2:88857167-88857682;2:88861885-88861922;2:88966260-88966556;2:89020642-89020687;
ENSG00000211592::ENSG00000211597::ENSG00000239855::ENSG00000253497	IGKC::IGKJ1::IGKV1-6::IGKV1-13	-0	0.407487	332	3248;9;1;0;	PASS:GF	2:88857165-88857682;2:88861885-88861922;2:88966260-88966556;2:89046411-89046488;
ENSG00000211592::ENSG00000211597::ENSG00000239855::ENSG00000253497::ENSG00000253578	IGKC::IGKJ1::IGKV1-6::IGKV1-13::IGKV1-22	-0	0.00613685	4	3248;9;1;0;0;	PASS:RT	2:88857166-88857682;2:88861886-88861922;2:88966261-88966556;2:89046411-89046450;2:89171197-89171240;
ENSG00000211592::ENSG00000211597::ENSG00000239855::ENSG00000253578	IGKC::IGKJ1::IGKV1-6::IGKV1-22	-0	0.114145	93	3248;9;1;0;	PASS:RT	2:88857165-88857682;2:88861885-88861922;2:88966260-88966556;2:89171157-89171237;
ENSG00000211592::ENSG00000211597::ENSG00000239862	IGKC::IGKJ1::IGKV1-37	-0	0.00460405	5	3248;9;0;	PASS:RT	2:88857165-88857682;2:88861885-88861922;2:89297264-89297558;
ENSG00000211592::ENSG00000211597::ENSG00000239862::ENSG00000242371	IGKC::IGKJ1::IGKV1-37::IGKV1-39	-0	0.0388673	35	3248;9;0;344;	PASS:RT	2:88857165-88857682;2:88861885-88861935;2:89297476-89297558;2:89320044-89320122;
ENSG00000211592::ENSG00000211597::ENSG00000239862::ENSG00000242371::ENSG00000253497	IGKC::IGKJ1::IGKV1-37::IGKV1-39::IGKV1-13	-0	0.00971682	7	3248;9;0;344;0;	PASS:RT	2:88857165-88857682;2:88861885-88861935;2:89297476-89297558;2:89320044-89320124;2:89046005-89046115;
ENSG00000211592::ENSG00000211597::ENSG00000240382	IGKC::IGKJ1::IGKV1-17	-0	0.0524862	57	3248;9;0;	PASS:RT	2:88857165-88857682;2:88861885-88861922;2:89117342-89117636;
ENSG00000211592::ENSG00000211597::ENSG00000240382::ENSG00000240671	IGKC::IGKJ1::IGKV1-17::IGKV1-8	-0	0.0159607	13	3248;9;0;0;	PASS:RT	2:88857165-88857682;2:88861885-88861935;2:89117762-89117842;2:88992424-88992703;
ENSG00000211592::ENSG00000211597::ENSG00000240382::ENSG00000240671::ENSG00000253578	IGKC::IGKJ1::IGKV1-17::IGKV1-8::IGKV1-22	-0	0.00613874	4	3248;9;0;0;0;	PASS:RT	2:88857353-88857682;2:88861885-88861935;2:89117762-89117787;2:88992424-88992703;2:89171183-89171238;
ENSG00000211592::ENSG00000211597::ENSG00000240382::ENSG00000241755	IGKC::IGKJ1::IGKV1-17::IGKV1-9	-0	0.00491099	4	3248;9;0;0;	PASS:RT	2:88857178-88857682;2:88861885-88861935;2:89117762-89117840;2:89010048-89010276;
ENSG00000211592::ENSG00000211597::ENSG00000240382::ENSG00000242371	IGKC::IGKJ1::IGKV1-17::IGKV1-39	-0	0.752915	678	3248;9;0;344;	PASS:GF	2:88857165-88857682;2:88861885-88861922;2:89117340-89117636;2:89320044-89320123;
ENSG00000211592::ENSG00000211597::ENSG00000240382::ENSG00000243290	IGKC::IGKJ1::IGKV1-17::IGKV1-12	-0	0.00982198	8	3248;9;0;0;	PASS:RT	2:88857167-88857682;2:88861885-88861933;2:89117762-89117842;2:89040231-89040518;
ENSG00000211592::ENSG00000211597::ENSG00000240382::ENSG00000244575	IGKC::IGKJ1::IGKV1-17::IGKV1-27	-0	0.00982198	8	3248;9;0;0;	PASS:RT	2:88857165-88857682;2:88861885-88861922;2:89117340-89117636;2:89213842-89213914;
ENSG00000211592::ENSG00000211597::ENSG00000240382::ENSG00000253497	IGKC::IGKJ1::IGKV1-17::IGKV1-13	-0	0.0282382	23	3248;9;0;0;	PASS:RT	2:88857165-88857682;2:88861885-88861935;2:89117762-89117838;2:89046005-89046284;
ENSG00000211592::ENSG00000211597::ENSG00000240382::ENSG00000253578	IGKC::IGKJ1::IGKV1-17::IGKV1-22	-0	0.0368324	30	3248;9;0;0;	PASS:RT	2:88857165-88857682;2:88861885-88861922;2:89117340-89117636;2:89171157-89171237;
ENSG00000211592::ENSG00000211597::ENSG00000240671	IGKC::IGKJ1::IGKV1-8	-0	0.178637	194	3248;9;0;	PASS:RT	2:88857165-88857682;2:88861885-88861935;2:88992424-88992527;
ENSG00000211592::ENSG00000211597::ENSG00000240671::ENSG00000241755	IGKC::IGKJ1::IGKV1-8::IGKV1-9	-0	0.0994475	81	3248;9;0;0;	PASS:RT	2:88857165-88857682;2:88861885-88861935;2:88992424-88992703;2:89010402-89010480;
ENSG00000211592::ENSG00000211597::ENSG00000240671::ENSG00000242371	IGKC::IGKJ1::IGKV1-8::IGKV1-39	-0	0.105497	95	3248;9;0;344;	PASS:RT	2:88857165-88857682;2:88861885-88861935;2:88992424-88992514;2:89319731-89319919;
ENSG00000211592::ENSG00000211597::ENSG00000240671::ENSG00000242371::ENSG00000243238	IGKC::IGKJ1::IGKV1-8::IGKV1-39::IGKV2-30	-0	0.00832871	6	3248;9;0;344;0;	PASS:RT	2:88857165-88857682;2:88861885-88861935;2:88992424-88992571;2:89319800-89319919;2:89244944-89244955;
ENSG00000211592::ENSG00000211597::ENSG00000240671::ENSG00000242371::ENSG00000254157	IGKC::IGKJ1::IGKV1-8::IGKV1-39::IGKV2-18	-0	0.00694059	5	3248;9;0;344;0;	PASS:RT	2:88857165-88857682;2:88861885-88861935;2:88992424-88992498;2:89319722-89319919;2:89128797-89128802;
ENSG00000211592::ENSG00000211597::ENSG00000240671::ENSG00000243290	IGKC::IGKJ1::IGKV1-8::IGKV1-12	-0	0.00491099	4	3248;9;0;0;	PASS:RT	2:88857169-88857682;2:88861885-88861935;2:88992424-88992703;2:89040643-89040724;
ENSG00000211592::ENSG00000211597::ENSG00000240671::ENSG00000253578	IGKC::IGKJ1::IGKV1-8::IGKV1-22	-0	0.0159607	13	3248;9;0;0;	PASS:RT	2:88857165-88857682;2:88861885-88861935;2:88992424-88992703;2:89171157-89171236;
ENSG00000211592::ENSG00000211597::ENSG00000240864	IGKC::IGKJ1::IGKV1-16	-0	0.0939227	102	3248;9;0;	PASS:RT	2:88857165-88857682;2:88861885-88861935;2:89099874-89100153;
ENSG00000211592::ENSG00000211597::ENSG00000240864::ENSG00000241755	IGKC::IGKJ1::IGKV1-16::IGKV1-9	-0	0.00368324	3	3248;9;0;0;	PASS:RT	2:88857165-88857682;2:88861885-88861948;2:89100279-89100359;2:89010082-89010276;
ENSG00000211592::ENSG00000211597::ENSG00000240864::ENSG00000242371	IGKC::IGKJ1::IGKV1-16::IGKV1-39	-0	1.95669	1762	3248;9;0;344;	PASS:GF	2:88857165-88857682;2:88861885-88861935;2:89099874-89100153;2:89320044-89320122;
ENSG00000211592::ENSG00000211597::ENSG00000240864::ENSG00000242371::ENSG00000243238	IGKC::IGKJ1::IGKV1-16::IGKV1-39::IGKV2-30	-0	0.0263742	19	3248;9;0;344;0;	PASS:RT	2:88857165-88857682;2:88861885-88861935;2:89099874-89100028;2:89319800-89319919;2:89244951-89244955;
ENSG00000211592::ENSG00000211597::ENSG00000240864::ENSG00000242371::ENSG00000254157	IGKC::IGKJ1::IGKV1-16::IGKV1-39::IGKV2-18	-0	0.20683	149	3248;9;0;344;0;	PASS:GF	2:88857165-88857682;2:88861885-88861935;2:89099874-89099948;2:89319722-89319919;2:89128797-89128802;
ENSG00000211592::ENSG00000211597::ENSG00000240864::ENSG00000243290	IGKC::IGKJ1::IGKV1-16::IGKV1-12	-0	0.0343769	28	3248;9;0;0;	PASS:RT	2:88857165-88857682;2:88861885-88861933;2:89100279-89100348;2:89040231-89040518;
ENSG00000211592::ENSG00000211597::ENSG00000240864::ENSG00000244575	IGKC::IGKJ1::IGKV1-16::IGKV1-27	-0	0.00736648	6	3248;9;0;0;	PASS:RT	2:88857165-88857682;2:88861885-88861935;2:89099874-89100153;2:89213842-89213914;
ENSG00000211592::ENSG00000211597::ENSG00000240864::ENSG00000253497	IGKC::IGKJ1::IGKV1-16::IGKV1-13	-0	0.341314	278	3248;9;0;0;	PASS:GF	2:88857165-88857682;2:88861885-88861935;2:89100279-89100348;2:89046005-89046284;
ENSG00000211592::ENSG00000211597::ENSG00000240864::ENSG00000253497::ENSG00000253578	IGKC::IGKJ1::IGKV1-16::IGKV1-13::IGKV1-22	-0	0.0429711	28	3248;9;0;0;0;	PASS:RT	2:88857165-88857682;2:88861885-88861935;2:89100279-89100300;2:89046005-89046284;2:89171179-89171237;
ENSG00000211592::ENSG00000211597::ENSG00000240864::ENSG00000253578	IGKC::IGKJ1::IGKV1-16::IGKV1-22	-0	0.0564764	46	3248;9;0;0;	PASS:RT	2:88857165-88857682;2:88861885-88861935;2:89099874-89100153;2:89171157-89171235;
ENSG00000211592::ENSG00000211597::ENSG00000241755	IGKC::IGKJ1::IGKV1-9	-0	0.534991	581	3248;9;0;	PASS:GF	2:88857165-88857682;2:88861885-88861922;2:89009980-89010276;
ENSG00000211592::ENSG00000211597::ENSG00000241755::ENSG00000242371	IGKC::IGKJ1::IGKV1-9::IGKV1-39	-0	0.0188784	17	3248;9;0;344;	PASS:RT	2:88857165-88857682;2:88861885-88861930;2:89009989-89010276;2:89320044-89320121;
ENSG00000211592::ENSG00000211597::ENSG00000241755::ENSG00000243466	IGKC::IGKJ1::IGKV1-9::IGKV1-5	-0	0.0208717	17	3248;9;0;0;	PASS:RT	2:88857165-88857682;2:88861885-88861935;2:89010402-89010482;2:88947316-88947595;
ENSG00000211592::ENSG00000211597::ENSG00000241755::ENSG00000253578	IGKC::IGKJ1::IGKV1-9::IGKV1-22	-0	0.0171885	14	3248;9;0;0;	PASS:RT	2:88857165-88857682;2:88861885-88861922;2:89009980-89010276;2:89171157-89171237;
ENSG00000211592::ENSG00000211597::ENSG00000242076::ENSG00000242371	IGKC::IGKJ1::IGKV1-33::IGKV1-39	-0	0.0433093	39	3248;9;0;344;	PASS:RT	2:88857165-88857682;2:88861885-88861935;2:89268016-89268295;2:89320044-89320122;
ENSG00000211592::ENSG00000211597::ENSG00000242076::ENSG00000242371::ENSG00000253497	IGKC::IGKJ1::IGKV1-33::IGKV1-39::IGKV1-13	-0	0.00971682	7	3248;9;0;344;0;	PASS:RT	2:88857165-88857682;2:88861885-88861935;2:89268163-89268295;2:89320044-89320124;2:89046005-89046151;
ENSG00000211592::ENSG00000211597::ENSG00000242076::ENSG00000243290	IGKC::IGKJ1::IGKV1-33::IGKV1-12	-0	0.00368324	3	3248;9;0;0;	PASS:RT	2:88857185-88857682;2:88861885-88861933;2:89268420-89268485;2:89040246-89040518;
ENSG00000211592::ENSG00000211597::ENSG00000242371	IGKC::IGKJ1::IGKV1-39	-0	2.59772	3119	3248;9;344;	PASS:GF	2:88857165-88857299;2:88861885-88861922;2:89319625-89319919;
ENSG00000211592::ENSG00000211597::ENSG00000242371::ENSG00000243238	IGKC::IGKJ1::IGKV1-39::IGKV2-30	-0	0.00444198	4	3248;9;344;0;	PASS:RT	2:88857167-88857682;2:88861885-88861940;2:89319800-89319919;2:89244904-89244955;
ENSG00000211592::ENSG00000211597::ENSG00000242371::ENSG00000243238::ENSG00000243290	IGKC::IGKJ1::IGKV1-39::IGKV2-30::IGKV1-12	-0	0.269295	194	3248;9;344;0;0;	PASS:GF	2:88857165-88857682;2:88861885-88861933;2:89319800-89319919;2:89244951-89244955;2:89040231-89040393;
ENSG00000211592::ENSG00000211597::ENSG00000242371::ENSG00000243238::ENSG00000244575	IGKC::IGKJ1::IGKV1-39::IGKV2-30::IGKV1-27	-0	0.0541366	39	3248;9;344;0;0;	PASS:RT	2:88857165-88857682;2:88861885-88861933;2:89319800-89319919;2:89244951-89244955;2:89213430-89213592;
ENSG00000211592::ENSG00000211597::ENSG00000242371::ENSG00000243290	IGKC::IGKJ1::IGKV1-39::IGKV1-12	-0	1.23931	1116	3248;9;344;0;	PASS:GF	2:88857165-88857682;2:88861885-88861933;2:89319755-89319919;2:89040231-89040353;
ENSG00000211592::ENSG00000211597::ENSG00000242371::ENSG00000243466	IGKC::IGKJ1::IGKV1-39::IGKV1-5	-0	0.0111049	10	3248;9;344;0;	PASS:RT	2:88857165-88857682;2:88861885-88861935;2:89319716-89319919;2:88947316-88947383;
ENSG00000211592::ENSG00000211597::ENSG00000242371::ENSG00000243466::ENSG00000254157	IGKC::IGKJ1::IGKV1-39::IGKV1-5::IGKV2-18	-0	0.00416435	3	3248;9;344;0;0;	PASS:RT	2:88857165-88857682;2:88861885-88861935;2:89319722-89319919;2:88947316-88947390;2:89128797-89128802;
ENSG00000211592::ENSG00000211597::ENSG00000242371::ENSG00000244575	IGKC::IGKJ1::IGKV1-39::IGKV1-27	-0	0.357579	322	3248;9;344;0;	PASS:GF	2:88857165-88857682;2:88861885-88861933;2:89319713-89319919;2:89213430-89213510;
ENSG00000211592::ENSG00000211597::ENSG00000242371::ENSG00000244575::ENSG00000253497	IGKC::IGKJ1::IGKV1-39::IGKV1-27::IGKV1-13	-0	0.00555247	4	3248;9;344;0;0;	PASS:RT	2:88857532-88857682;2:88861885-88861935;2:89320044-89320124;2:89213603-89213717;2:89046008-89046162;
ENSG00000211592::ENSG00000211597::ENSG00000242371::ENSG00000253202	IGKC::IGKJ1::IGKV1-39::IGKV3-25	-0	0.00333148	3	3248;9;344;0;	PASS:RT	2:88857165-88857682;2:88861885-88861933;2:89319686-89319919;2:89192503-89192559;
ENSG00000211592::ENSG00000211597::ENSG00000242371::ENSG00000253461	IGKC::IGKJ1::IGKV1-39::IGKV1-35	-0	0.00555247	5	3248;9;344;0;	PASS:RT	2:88857435-88857682;2:88861885-88861935;2:89319755-89319919;2:89286711-89286825;
ENSG00000211592::ENSG00000211597::ENSG00000242371::ENSG00000253497	IGKC::IGKJ1::IGKV1-39::IGKV1-13	-0	83.4359	75134	3248;9;344;0;	PASS:GF	2:88857165-88857682;2:88861885-88861935;2:89319731-89319919;2:89046005-89046095;
ENSG00000211592::ENSG00000211597::ENSG00000242371::ENSG00000253578	IGKC::IGKJ1::IGKV1-39::IGKV1-22	-0	4.21099	3792	3248;9;344;0;	PASS:GF	2:88857165-88857682;2:88861885-88861933;2:89319755-89319919;2:89170749-89170878;
ENSG00000211592::ENSG00000211597::ENSG00000242371::ENSG00000254157	IGKC::IGKJ1::IGKV1-39::IGKV2-18	-0	0.00333148	3	3248;9;344;0;	PASS:RT	2:88857169-88857682;2:88861885-88861919;2:89319722-89319919;2:89128696-89128802;
ENSG00000211592::ENSG00000211597::ENSG00000243290	IGKC::IGKJ1::IGKV1-12	-0	0.167587	182	3248;9;0;	PASS:RT	2:88857165-88857682;2:88861885-88861933;2:89040231-89040518;
ENSG00000211592::ENSG00000211597::ENSG00000243290::ENSG00000244575	IGKC::IGKJ1::IGKV1-12::IGKV1-27	-0	0.0233272	19	3248;9;0;0;	PASS:RT	2:88857168-88857682;2:88861885-88861933;2:89040231-89040518;2:89213842-89213914;
ENSG00000211592::ENSG00000211597::ENSG00000243290::ENSG00000253578	IGKC::IGKJ1::IGKV1-12::IGKV1-22	-0	0.0417434	34	3248;9;0;0;	PASS:RT	2:88857165-88857682;2:88861885-88861933;2:89040231-89040518;2:89171157-89171237;
ENSG00000211592::ENSG00000211597::ENSG00000243466	IGKC::IGKJ1::IGKV1-5	-0	1.55249	1686	3248;9;0;	PASS:GF	2:88857165-88857682;2:88861885-88861935;2:88947316-88947417;
ENSG00000211592::ENSG00000211597::ENSG00000243466::ENSG00000253497	IGKC::IGKJ1::IGKV1-5::IGKV1-13	-0	0.00491099	4	3248;9;0;0;	PASS:RT	2:88857165-88857682;2:88861885-88861934;2:88947503-88947595;2:89046411-89046489;
ENSG00000211592::ENSG00000211597::ENSG00000244575::ENSG00000253497	IGKC::IGKJ1::IGKV1-27::IGKV1-13	-0	0.0429711	35	3248;9;0;0;	PASS:RT	2:88857165-88857682;2:88861885-88861935;2:89213842-89213914;2:89046005-89046284;
ENSG00000211592::ENSG00000211597::ENSG00000253497	IGKC::IGKJ1::IGKV1-13	-0	0.126151	137	3248;9;0;	PASS:RT	2:88857165-88857682;2:88861885-88861935;2:89046005-89046243;
ENSG00000211592::ENSG00000211597::ENSG00000253497::ENSG00000253578	IGKC::IGKJ1::IGKV1-13::IGKV1-22	-0	1.99509	1625	3248;9;0;0;	PASS:GF	2:88857165-88857682;2:88861885-88861935;2:89046005-89046106;2:89171201-89171237;
ENSG00000211592::ENSG00000211597::ENSG00000253578	IGKC::IGKJ1::IGKV1-22	-0	0.00552486	6	3248;9;0;	PASS:RT	2:88857177-88857682;2:88861885-88861948;2:89171200-89171237;
ENSG00000211592::ENSG00000211611	IGKC::IGKV6-21	-29.0308	0.00677131	11	3248;0;	PASS:RT	2:88857165-88857682;2:89159745-89159825;
ENSG00000211592::ENSG00000211611::ENSG00000242371	IGKC::IGKV6-21::IGKV1-39	-0	0.0116894	14	3248;0;344;	PASS:RT	2:88857165-88857682;2:89159744-89159846;2:89319726-89319919;
ENSG00000211592::ENSG00000211611::ENSG00000242371::ENSG00000243290	IGKC::IGKV6-21::IGKV1-39::IGKV1-12	-0	0.00333983	3	3248;0;344;0;	PASS:RT	2:88857167-88857645;2:89159947-89159966;2:89319841-89319919;2:89040292-89040418;
ENSG00000211592::ENSG00000211611::ENSG00000253578	IGKC::IGKV6-21::IGKV1-22	-0	0.0147738	16	3248;0;0;	PASS:RT	2:88857165-88857682;2:89159745-89159865;2:89171203-89171237;
ENSG00000211592::ENSG00000227097	IGKC::RPS28P7	-0	0.00369344	6	3248;0;	PASS:GF	2:88857165-88857275;11:82689529-82689838;
ENSG00000211592::ENSG00000239855	IGKC::IGKV1-6	-1428.77	7.24246	11769	3248;1;	PASS:GF	2:88857165-88857682;2:88966216-88966556;
ENSG00000211592::ENSG00000239855::ENSG00000240671	IGKC::IGKV1-6::IGKV1-8	-66.2325	0.0867692	94	3248;1;0;	PASS:RT	2:88857165-88857682;2:88966216-88966556;2:88992829-88992880;
ENSG00000211592::ENSG00000239855::ENSG00000240671::ENSG00000253578	IGKC::IGKV1-6::IGKV1-8::IGKV1-22	-0	0.016	13	3248;1;0;0;	PASS:RT	2:88857165-88857682;2:88966216-88966556;2:88992829-88992850;2:89171179-89171237;
ENSG00000211592::ENSG00000239855::ENSG00000241755	IGKC::IGKV1-6::IGKV1-9	-45.3183	1.26277	1368	3248;1;0;	PASS:GF	2:88857165-88857682;2:88966216-88966556;2:89010402-89010479;
ENSG00000211592::ENSG00000239855::ENSG00000241755::ENSG00000243063	IGKC::IGKV1-6::IGKV1-9::IGKV3-7	-0	0.00861538	7	3248;1;0;0;	PASS:RT	2:88857165-88857682;2:88966237-88966556;2:89010413-89010482;2:88978935-88978945;
ENSG00000211592::ENSG00000239855::ENSG00000241755::ENSG00000253578	IGKC::IGKV1-6::IGKV1-9::IGKV1-22	-0	0.00615385	5	3248;1;0;0;	PASS:RT	2:88857165-88857682;2:88966255-88966556;2:89010402-89010430;2:89171186-89171237;
ENSG00000211592::ENSG00000239855::ENSG00000242371	IGKC::IGKV1-6::IGKV1-39	-0	0.0409015	49	3248;1;344;	PASS:RT	2:88857165-88857682;2:88966216-88966556;2:89320044-89320121;
ENSG00000211592::ENSG00000239855::ENSG00000242371::ENSG00000243238	IGKC::IGKV1-6::IGKV1-39::IGKV2-30	-0	0.0166945	15	3248;1;344;0;	PASS:RT	2:88857165-88857682;2:88966216-88966431;2:89319800-89319919;2:89244951-89244955;
ENSG00000211592::ENSG00000239855::ENSG00000242371::ENSG00000254157	IGKC::IGKV1-6::IGKV1-39::IGKV2-18	-0	0.00890373	8	3248;1;344;0;	PASS:RT	2:88857165-88857682;2:88966216-88966351;2:89319722-89319919;2:89128797-89128802;
ENSG00000211592::ENSG00000239855::ENSG00000243063	IGKC::IGKV1-6::IGKV3-7	-0	0.0313846	34	3248;1;0;	PASS:RT	2:88857165-88857682;2:88966216-88966556;2:88978935-88978956;
ENSG00000211592::ENSG00000239855::ENSG00000244575	IGKC::IGKV1-6::IGKV1-27	-0	0.00553846	6	3248;1;0;	PASS:RT	2:88857165-88857682;2:88966253-88966556;2:89213842-89213914;
ENSG00000211592::ENSG00000239855::ENSG00000253497	IGKC::IGKV1-6::IGKV1-13	-0	0.150462	163	3248;1;0;	PASS:RT	2:88857165-88857682;2:88966216-88966556;2:89046411-89046487;
ENSG00000211592::ENSG00000239855::ENSG00000253497::ENSG00000253578	IGKC::IGKV1-6::IGKV1-13::IGKV1-22	-0	0.00738462	6	3248;1;0;0;	PASS:RT	2:88857166-88857682;2:88966216-88966556;2:89046411-89046448;2:89171195-89171240;
ENSG00000211592::ENSG00000239855::ENSG00000253578	IGKC::IGKV1-6::IGKV1-22	-0	0.0553846	60	3248;1;0;	PASS:RT	2:88857165-88857682;2:88966216-88966556;2:89171157-89171236;
ENSG00000211592::ENSG00000239855::ENSG00000253578::ENSG00000254157	IGKC::IGKV1-6::IGKV1-22::IGKV2-18	-0	0.00492308	4	3248;1;0;0;	PASS:RT	2:88857167-88857682;2:88966234-88966556;2:89171192-89171237;2:89129433-89129467;
ENSG00000211592::ENSG00000239862::ENSG00000242371	IGKC::IGKV1-37::IGKV1-39	-0	0.00417478	5	3248;0;344;	PASS:RT	2:88857165-88857589;2:89297332-89297558;2:89320044-89320121;
ENSG00000211592::ENSG00000239862::ENSG00000242371::ENSG00000253497	IGKC::IGKV1-37::IGKV1-39::IGKV1-13	-0	0.00556638	5	3248;0;344;0;	PASS:RT	2:88857178-88857682;2:89297444-89297558;2:89320044-89320123;2:89045983-89046170;
ENSG00000211592::ENSG00000240382	IGKC::IGKV1-17	-5.27698	0.00554017	9	3248;0;	PASS:RT	2:88857165-88857682;2:89117335-89117636;
ENSG00000211592::ENSG00000240382::ENSG00000242371	IGKC::IGKV1-17::IGKV1-39	-0	0.0459226	55	3248;0;344;	PASS:RT	2:88857165-88857682;2:89117317-89117636;2:89320044-89320123;
ENSG00000211592::ENSG00000240382::ENSG00000243290	IGKC::IGKV1-17::IGKV1-12	-0	0.00369344	4	3248;0;0;	PASS:RT	2:88857173-88857682;2:89117762-89117828;2:89040208-89040518;
ENSG00000211592::ENSG00000240382::ENSG00000253497	IGKC::IGKV1-17::IGKV1-13	-0	0.00554017	6	3248;0;0;	PASS:RT	2:88857168-88857682;2:89117762-89117840;2:89045965-89046284;
ENSG00000211592::ENSG00000240382::ENSG00000253578	IGKC::IGKV1-17::IGKV1-22	-0	0.00831025	9	3248;0;0;	PASS:RT	2:88857165-88857682;2:89117333-89117636;2:89171157-89171237;
ENSG00000211592::ENSG00000240671	IGKC::IGKV1-8	-7.91259	0.00369344	6	3248;0;	PASS:RT	2:88857168-88857682;2:88992406-88992703;
ENSG00000211592::ENSG00000240671::ENSG00000241755	IGKC::IGKV1-8::IGKV1-9	-0	0.0193906	21	3248;0;0;	PASS:RT	2:88857165-88857682;2:88992611-88992703;2:89010402-89010479;
ENSG00000211592::ENSG00000240671::ENSG00000242371	IGKC::IGKV1-8::IGKV1-39	-0	0.00667965	8	3248;0;344;	PASS:RT	2:88857166-88857682;2:88992397-88992703;2:89320044-89320122;
ENSG00000211592::ENSG00000240671::ENSG00000253578	IGKC::IGKV1-8::IGKV1-22	-0	0.00461681	5	3248;0;0;	PASS:RT	2:88857178-88857682;2:88992464-88992703;2:89171165-89171237;
ENSG00000211592::ENSG00000240864	IGKC::IGKV1-16	-10.5945	0.0147738	24	3248;0;	PASS:RT	2:88857165-88857682;2:89099852-89100153;
ENSG00000211592::ENSG00000240864::ENSG00000241755	IGKC::IGKV1-16::IGKV1-9	-0	0.00369344	4	3248;0;0;	PASS:RT	2:88857177-88857682;2:89100279-89100348;2:89010057-89010276;
ENSG00000211592::ENSG00000240864::ENSG00000242371	IGKC::IGKV1-16::IGKV1-39	-0	0.150292	180	3248;0;344;	PASS:RT	2:88857165-88857682;2:89099835-89100153;2:89320044-89320122;
ENSG00000211592::ENSG00000240864::ENSG00000243290	IGKC::IGKV1-16::IGKV1-12	-0	0.0175439	19	3248;0;0;	PASS:RT	2:88857165-88857682;2:89100279-89100348;2:89040199-89040518;
ENSG00000211592::ENSG00000240864::ENSG00000253497	IGKC::IGKV1-16::IGKV1-13	-6.00717	0.0443213	48	3248;0;0;	PASS:RT	2:88857165-88857682;2:89100279-89100348;2:89045964-89046284;
ENSG00000211592::ENSG00000240864::ENSG00000253497::ENSG00000253578	IGKC::IGKV1-16::IGKV1-13::IGKV1-22	-0	0.00615574	5	3248;0;0;0;	PASS:RT	2:88857165-88857682;2:89100279-89100300;2:89045983-89046284;2:89171179-89171237;
ENSG00000211592::ENSG00000240864::ENSG00000253578	IGKC::IGKV1-16::IGKV1-22	-0	0.0166205	18	3248;0;0;	PASS:RT	2:88857165-88857682;2:89099813-89100153;2:89171157-89171237;
ENSG00000211592::ENSG00000241755	IGKC::IGKV1-9	-18.6938	0.0917205	149	3248;0;	PASS:RT	2:88857165-88857682;2:89009975-89010276;
ENSG00000211592::ENSG00000241755::ENSG00000242371	IGKC::IGKV1-9::IGKV1-39	-0	0.0058447	7	3248;0;344;	PASS:RT	2:88857168-88857682;2:89009973-89010276;2:89320044-89320122;
ENSG00000211592::ENSG00000241755::ENSG00000242371::ENSG00000254157	IGKC::IGKV1-9::IGKV1-39::IGKV2-18	-0	0.00333983	3	3248;0;344;0;	PASS:RT	2:88857169-88857682;2:89009975-89010071;2:89319722-89319919;2:89128797-89128802;
ENSG00000211592::ENSG00000241755::ENSG00000243466	IGKC::IGKV1-9::IGKV1-5	-0	0.00646353	7	3248;0;0;	PASS:RT	2:88857165-88857682;2:89010402-89010482;2:88947497-88947595;
ENSG00000211592::ENSG00000242076::ENSG00000242371	IGKC::IGKV1-33::IGKV1-39	-0	0.00417478	5	3248;0;344;	PASS:RT	2:88857165-88857682;2:89268151-89268295;2:89320044-89320124;
ENSG00000211592::ENSG00000242371	IGKC::IGKV1-39	-12.111	0.719733	1293	3248;344;	PASS:GF	2:88857165-88857579;2:89319680-89319919;
ENSG00000211592::ENSG00000242371::ENSG00000243238::ENSG00000243290	IGKC::IGKV1-39::IGKV2-30::IGKV1-12	-0	0.084609	76	3248;344;0;0;	PASS:RT	2:88857165-88857682;2:89319800-89319919;2:89244951-89244955;2:89040199-89040393;
ENSG00000211592::ENSG00000242371::ENSG00000243238::ENSG00000244575	IGKC::IGKV1-39::IGKV2-30::IGKV1-27	-0	0.0111328	10	3248;344;0;0;	PASS:RT	2:88857166-88857682;2:89319800-89319919;2:89244951-89244955;2:89213402-89213592;
ENSG00000211592::ENSG00000242371::ENSG00000243290	IGKC::IGKV1-39::IGKV1-12	-0	0.339827	407	3248;344;0;	PASS:GF	2:88857165-88857682;2:89320044-89320114;2:89040199-89040518;
ENSG00000211592::ENSG00000242371::ENSG00000243290::ENSG00000254157	IGKC::IGKV1-39::IGKV1-12::IGKV2-18	-0	0.00779293	7	3248;344;0;0;	PASS:RT	2:88857165-88857682;2:89319722-89319919;2:89040199-89040313;2:89128797-89128802;
ENSG00000211592::ENSG00000242371::ENSG00000244575	IGKC::IGKV1-39::IGKV1-27	-0	0.0484275	58	3248;344;0;	PASS:RT	2:88857165-88857682;2:89320044-89320120;2:89213382-89213717;
ENSG00000211592::ENSG00000242371::ENSG00000253497	IGKC::IGKV1-39::IGKV1-13	-3.25535	3.66045	4384	3248;344;0;	PASS:GF	2:88857165-88857682;2:89319731-89319919;2:89045944-89046095;
ENSG00000211592::ENSG00000242371::ENSG00000253497::ENSG00000254157	IGKC::IGKV1-39::IGKV1-13::IGKV2-18	-0	0.00667965	6	3248;344;0;0;	PASS:RT	2:88857169-88857682;2:89319722-89319919;2:89045974-89046079;2:89128797-89128802;
ENSG00000211592::ENSG00000242371::ENSG00000253578	IGKC::IGKV1-39::IGKV1-22	-0	0.535207	641	3248;344;0;	PASS:GF	2:88857165-88857682;2:89319755-89319919;2:89170699-89170878;
ENSG00000211592::ENSG00000243290	IGKC::IGKV1-12	-37.0525	0.0800246	130	3248;0;	PASS:RT	2:88857165-88857682;2:89040199-89040518;
ENSG00000211592::ENSG00000243290::ENSG00000244575	IGKC::IGKV1-12::IGKV1-27	-5.3014	0.0129271	14	3248;0;0;	PASS:RT	2:88857168-88857682;2:89040199-89040518;2:89213842-89213914;
ENSG00000211592::ENSG00000243290::ENSG00000253578	IGKC::IGKV1-12::IGKV1-22	-0	0.0212373	23	3248;0;0;	PASS:RT	2:88857165-88857682;2:89040199-89040518;2:89171157-89171237;
ENSG00000211592::ENSG00000243466	IGKC::IGKV1-5	-23.7772	0.116343	189	3248;0;	PASS:RT	2:88857165-88857682;2:88947294-88947592;
ENSG00000211592::ENSG00000244575::ENSG00000253497	IGKC::IGKV1-27::IGKV1-13	-0	0.0120037	13	3248;0;0;	PASS:RT	2:88857165-88857682;2:89213842-89213914;2:89045965-89046284;
ENSG00000211592::ENSG00000253497	IGKC::IGKV1-13	-92.7691	0.0203139	33	3248;0;	PASS:RT	2:88857165-88857682;2:89045944-89046281;
ENSG00000211592::ENSG00000253497::ENSG00000253578	IGKC::IGKV1-13::IGKV1-22	-0	0.152355	165	3248;0;0;	PASS:RT	2:88857165-88857682;2:89045944-89046106;2:89171200-89171237;
ENSG00000211899::ENSG00000211900	IGHM::IGHJ6	0	0.00968992	10	2063;0;	PASS:RT	14:105854219-105854639;14:105863197-105863345;
ENSG00000211899::ENSG00000211912::ENSG00000242887	IGHM::IGHD2-21::IGHJ3	0	0.0508721	35	2063;0;0;	PASS:RT	14:105854217-105854293;14:105888564-105888708;14:105864586-105864651;
ENSG00000211899::ENSG00000211934	IGHM::IGHV1-2	149.577	0.0315789	33	2063;26;	PASS:GF	14:105854218-105854373;14:105986676-105986887;
ENSG00000211899::ENSG00000240041	IGHM::IGHJ4	4.70605	0.00387597	4	2063;0;	PASS:RT	14:105854218-105854727;14:105864214-105864335;
ENSG00000211899::ENSG00000265612	IGHM::MIR4539	14.1899	0.00387597	4	2063;0;	PASS:RT	14:105854219-105854592;14:105856910-105857750;
ENSG00000225082::ENSG00000235919	DAP3P1::ASH1L-AS1	70.8567	16	8	0;0;	PASS:GF	1:155586649-155586702;1:155563245-155563328;
ENSG00000225205::ENSG00000232788	::ITGA6-AS1	25.3549	7	7	0;1;	PASS:GF	2:172495374-172495515;2:172464261-172464573;
ENSG00000227081::ENSG00000257621	::PSMA3-AS1	0	0.0218069	7	0;641;	PASS:GF	12:3211592-3211873;14:58273936-58274009;
ENSG00000228039::ENSG00000231271	::	26.5713	10	5	0;0;	PASS:GF	22:23964261-23964390;22:23949923-23950011;
ENSG00000231500::ENSG00000232940	RPS18::HCG25	31.272	9.5368e-05	5	104852;4;	PASS:RT	6:33272627-33272725;6:33249589-33249888;
ENSG00000232813::ENSG00000241207	S100A11P6::	0	6	9	0;2;	PASS:GF	X:48274600-48275091;X:48276707-48276802;
ENSG00000264067::ENSG00000272736::ENSG00000273388	::::	0	54	18	0;0;0;	PASS:GF	17:10320391-10320511;17:10406147-10406276;17:10291821-10291912;
ENSG00000264067::ENSG00000273388	::	0	22	11	0;0;	PASS:GF	17:10320391-10320511;17:10291822-10291912;
ENSG00000267057::ENSG00000267327	LINC01905::	2937.95	65.5714	459	10;3;	PASS:GF	18:56050079-56050176;18:55893058-55893441;
ENSG00000267057::ENSG00000267327::ENSG00000267732	LINC01905::::	19.0054	1.5	7	10;3;0;	PASS:GF	18:56050079-56050176;18:55893257-55893441;18:56149853-56150205;
ENSG00000267374::ENSG00000267413	MIR924HG::LINC01901	88.5709	1.83333	11	2;9;	PASS:GF	18:39690493-39690691;18:39862143-39862248;
